<?xml version="1.0" encoding="UTF-8"?>
<gpx version="1.1" creator="GPS Track Editor" xmlns="http://www.topografix.com/GPX/1/1" xmlns:xsi="http://www.w3.org/2001/XMLSchema-instance" xmlns:gte="http://www.gpstrackeditor.com/xmlschemas/General/1" xmlns:gpxtpx="http://www.garmin.com/xmlschemas/TrackPointExtension/v1" xmlns:gpxx="http://www.garmin.com/xmlschemas/GpxExtensions/v3" targetNamespace="http://www.topografix.com/GPX/1/1" elementFormDefault="qualified" xsi:schemaLocation="http://www.topografix.com/GPX/1/1 http://www.topografix.com/GPX/1/1/gpx.xsd">
<metadata>
	<name>Trajeto_3TTcubo_ 2026.gpx</name>
	<desc>Converted from a KML file KML2GPX.COM</desc>
</metadata>
<trk>
	<name>Trajeto 2026.kml_Trajeto 2026</name>
	<desc>This is track no: 1</desc>
	<trkseg>
		<trkpt lat="40.541019" lon="-7.296150">
			<ele>0.00</ele>
			<time>2026-01-13T21:48:00Z</time>
		</trkpt>
		<trkpt lat="40.540878" lon="-7.296110">
			<ele>0.00</ele>
			<time>2026-01-13T21:48:02.29Z</time>
		</trkpt>
		<trkpt lat="40.540687" lon="-7.296339">
			<ele>0.00</ele>
			<time>2026-01-13T21:48:04.52Z</time>
		</trkpt>
		<trkpt lat="40.540496" lon="-7.296743">
			<ele>0.00</ele>
			<time>2026-01-13T21:48:06.35Z</time>
		</trkpt>
		<trkpt lat="40.540531" lon="-7.297025">
			<ele>0.00</ele>
			<time>2026-01-13T21:48:07.57Z</time>
		</trkpt>
		<trkpt lat="40.540583" lon="-7.297437">
			<ele>0.00</ele>
			<time>2026-01-13T21:48:09.76Z</time>
		</trkpt>
		<trkpt lat="40.540519" lon="-7.297734">
			<ele>0.00</ele>
			<time>2026-01-13T21:48:10.73Z</time>
		</trkpt>
		<trkpt lat="40.540583" lon="-7.298047">
			<ele>0.00</ele>
			<time>2026-01-13T21:48:13.24Z</time>
		</trkpt>
		<trkpt lat="40.540745" lon="-7.298306">
			<ele>0.00</ele>
			<time>2026-01-13T21:48:15.22Z</time>
		</trkpt>
		<trkpt lat="40.540878" lon="-7.298642">
			<ele>0.00</ele>
			<time>2026-01-13T21:48:17.27Z</time>
		</trkpt>
		<trkpt lat="40.540931" lon="-7.298962">
			<ele>0.00</ele>
			<time>2026-01-13T21:48:19.26Z</time>
		</trkpt>
		<trkpt lat="40.540890" lon="-7.299298">
			<ele>0.00</ele>
			<time>2026-01-13T21:48:21.05Z</time>
		</trkpt>
		<trkpt lat="40.540658" lon="-7.299740">
			<ele>0.00</ele>
			<time>2026-01-13T21:48:22.67Z</time>
		</trkpt>
		<trkpt lat="40.540496" lon="-7.299953">
			<ele>0.00</ele>
			<time>2026-01-13T21:48:24.32Z</time>
		</trkpt>
		<trkpt lat="40.540345" lon="-7.300172">
			<ele>0.00</ele>
			<time>2026-01-13T21:48:25.84Z</time>
		</trkpt>
		<trkpt lat="40.540099" lon="-7.300420">
			<ele>0.00</ele>
			<time>2026-01-13T21:48:27.46Z</time>
		</trkpt>
		<trkpt lat="40.539944" lon="-7.300657">
			<ele>0.00</ele>
			<time>2026-01-13T21:48:28.65Z</time>
		</trkpt>
		<trkpt lat="40.539854" lon="-7.300884">
			<ele>0.00</ele>
			<time>2026-01-13T21:48:29.56Z</time>
		</trkpt>
		<trkpt lat="40.539722" lon="-7.301089">
			<ele>0.00</ele>
			<time>2026-01-13T21:48:30.36Z</time>
		</trkpt>
		<trkpt lat="40.539460" lon="-7.301283">
			<ele>0.00</ele>
			<time>2026-01-13T21:48:31.30Z</time>
		</trkpt>
		<trkpt lat="40.539313" lon="-7.301347">
			<ele>0.00</ele>
			<time>2026-01-13T21:48:32.59Z</time>
		</trkpt>
		<trkpt lat="40.538802" lon="-7.301537">
			<ele>0.00</ele>
			<time>2026-01-13T21:48:34.02Z</time>
		</trkpt>
		<trkpt lat="40.538160" lon="-7.301769">
			<ele>0.00</ele>
			<time>2026-01-13T21:48:35.30Z</time>
		</trkpt>
		<trkpt lat="40.538163" lon="-7.302005">
			<ele>0.00</ele>
			<time>2026-01-13T21:48:36.28Z</time>
		</trkpt>
		<trkpt lat="40.538204" lon="-7.302200">
			<ele>0.00</ele>
			<time>2026-01-13T21:48:37.74Z</time>
		</trkpt>
		<trkpt lat="40.538273" lon="-7.302599">
			<ele>0.00</ele>
			<time>2026-01-13T21:48:38.51Z</time>
		</trkpt>
		<trkpt lat="40.538346" lon="-7.303120">
			<ele>0.00</ele>
			<time>2026-01-13T21:48:39.27Z</time>
		</trkpt>
		<trkpt lat="40.538363" lon="-7.303578">
			<ele>0.00</ele>
			<time>2026-01-13T21:48:40.38Z</time>
		</trkpt>
		<trkpt lat="40.538390" lon="-7.303891">
			<ele>0.00</ele>
			<time>2026-01-13T21:49:03.79Z</time>
		</trkpt>
		<trkpt lat="40.538401" lon="-7.304063">
			<ele>0.00</ele>
			<time>2026-01-13T21:49:43.01Z</time>
		</trkpt>
		<trkpt lat="40.538070" lon="-7.304018">
			<ele>0.00</ele>
			<time>2026-01-13T21:49:44.71Z</time>
		</trkpt>
		<trkpt lat="40.537834" lon="-7.304015">
			<ele>0.00</ele>
			<time>2026-01-13T21:49:48.02Z</time>
		</trkpt>
		<trkpt lat="40.537477" lon="-7.303963">
			<ele>0.00</ele>
			<time>2026-01-13T21:49:50.41Z</time>
		</trkpt>
		<trkpt lat="40.536933" lon="-7.303953">
			<ele>0.00</ele>
			<time>2026-01-13T21:49:54.04Z</time>
		</trkpt>
		<trkpt lat="40.536407" lon="-7.304013">
			<ele>0.00</ele>
			<time>2026-01-13T21:49:57.56Z</time>
		</trkpt>
		<trkpt lat="40.536126" lon="-7.304028">
			<ele>0.00</ele>
			<time>2026-01-13T21:49:59.43Z</time>
		</trkpt>
		<trkpt lat="40.535633" lon="-7.304278">
			<ele>0.00</ele>
			<time>2026-01-13T21:50:02.96Z</time>
		</trkpt>
		<trkpt lat="40.534775" lon="-7.304687">
			<ele>0.00</ele>
			<time>2026-01-13T21:50:09.04Z</time>
		</trkpt>
		<trkpt lat="40.534727" lon="-7.305156">
			<ele>0.00</ele>
			<time>2026-01-13T21:50:11.44Z</time>
		</trkpt>
		<trkpt lat="40.534701" lon="-7.305692">
			<ele>0.00</ele>
			<time>2026-01-13T21:50:14.16Z</time>
		</trkpt>
		<trkpt lat="40.534579" lon="-7.306118">
			<ele>0.00</ele>
			<time>2026-01-13T21:50:16.47Z</time>
		</trkpt>
		<trkpt lat="40.534522" lon="-7.306425">
			<ele>0.00</ele>
			<time>2026-01-13T21:50:18.07Z</time>
		</trkpt>
		<trkpt lat="40.534628" lon="-7.306660">
			<ele>0.00</ele>
			<time>2026-01-13T21:50:19.45Z</time>
		</trkpt>
		<trkpt lat="40.534722" lon="-7.306765">
			<ele>0.00</ele>
			<time>2026-01-13T21:50:20.27Z</time>
		</trkpt>
		<trkpt lat="40.534832" lon="-7.306777">
			<ele>0.00</ele>
			<time>2026-01-13T21:50:21.02Z</time>
		</trkpt>
		<trkpt lat="40.534983" lon="-7.306713">
			<ele>0.00</ele>
			<time>2026-01-13T21:50:22.07Z</time>
		</trkpt>
		<trkpt lat="40.535154" lon="-7.306605">
			<ele>0.00</ele>
			<time>2026-01-13T21:50:23.33Z</time>
		</trkpt>
		<trkpt lat="40.535300" lon="-7.306466">
			<ele>0.00</ele>
			<time>2026-01-13T21:50:24.54Z</time>
		</trkpt>
		<trkpt lat="40.535472" lon="-7.306303">
			<ele>0.00</ele>
			<time>2026-01-13T21:50:25.95Z</time>
		</trkpt>
		<trkpt lat="40.535614" lon="-7.306358">
			<ele>0.00</ele>
			<time>2026-01-13T21:50:26.94Z</time>
		</trkpt>
		<trkpt lat="40.535735" lon="-7.306566">
			<ele>0.00</ele>
			<time>2026-01-13T21:50:28.26Z</time>
		</trkpt>
		<trkpt lat="40.535936" lon="-7.306736">
			<ele>0.00</ele>
			<time>2026-01-13T21:50:29.86Z</time>
		</trkpt>
		<trkpt lat="40.535936" lon="-7.306742">
			<ele>0.00</ele>
			<time>2026-01-13T21:50:29.92Z</time>
		</trkpt>
		<trkpt lat="40.536024" lon="-7.306906">
			<ele>0.00</ele>
			<time>2026-01-13T21:50:30.94Z</time>
		</trkpt>
		<trkpt lat="40.535923" lon="-7.307162">
			<ele>0.00</ele>
			<time>2026-01-13T21:50:32.40Z</time>
		</trkpt>
		<trkpt lat="40.535830" lon="-7.307487">
			<ele>0.00</ele>
			<time>2026-01-13T21:50:34.16Z</time>
		</trkpt>
		<trkpt lat="40.535813" lon="-7.307597">
			<ele>0.00</ele>
			<time>2026-01-13T21:50:34.72Z</time>
		</trkpt>
		<trkpt lat="40.535910" lon="-7.307799">
			<ele>0.00</ele>
			<time>2026-01-13T21:50:35.93Z</time>
		</trkpt>
		<trkpt lat="40.535919" lon="-7.307819">
			<ele>0.00</ele>
			<time>2026-01-13T21:50:36.05Z</time>
		</trkpt>
		<trkpt lat="40.536255" lon="-7.308222">
			<ele>0.00</ele>
			<time>2026-01-13T21:50:39.08Z</time>
		</trkpt>
		<trkpt lat="40.536490" lon="-7.308739">
			<ele>0.00</ele>
			<time>2026-01-13T21:50:42.14Z</time>
		</trkpt>
		<trkpt lat="40.536645" lon="-7.309076">
			<ele>0.00</ele>
			<time>2026-01-13T21:50:44.13Z</time>
		</trkpt>
		<trkpt lat="40.536656" lon="-7.309514">
			<ele>0.00</ele>
			<time>2026-01-13T21:50:46.35Z</time>
		</trkpt>
		<trkpt lat="40.536545" lon="-7.310355">
			<ele>0.00</ele>
			<time>2026-01-13T21:50:50.68Z</time>
		</trkpt>
		<trkpt lat="40.536433" lon="-7.310877">
			<ele>0.00</ele>
			<time>2026-01-13T21:50:53.42Z</time>
		</trkpt>
		<trkpt lat="40.536433" lon="-7.311343">
			<ele>0.00</ele>
			<time>2026-01-13T21:50:55.78Z</time>
		</trkpt>
		<trkpt lat="40.536647" lon="-7.311677">
			<ele>0.00</ele>
			<time>2026-01-13T21:50:57.99Z</time>
		</trkpt>
		<trkpt lat="40.536786" lon="-7.312137">
			<ele>0.00</ele>
			<time>2026-01-13T21:51:00.50Z</time>
		</trkpt>
		<trkpt lat="40.536985" lon="-7.312670">
			<ele>0.00</ele>
			<time>2026-01-13T21:51:03.51Z</time>
		</trkpt>
		<trkpt lat="40.537032" lon="-7.313390">
			<ele>0.00</ele>
			<time>2026-01-13T21:51:07.17Z</time>
		</trkpt>
		<trkpt lat="40.537144" lon="-7.314056">
			<ele>0.00</ele>
			<time>2026-01-13T21:51:10.64Z</time>
		</trkpt>
		<trkpt lat="40.537323" lon="-7.314615">
			<ele>0.00</ele>
			<time>2026-01-13T21:51:13.70Z</time>
		</trkpt>
		<trkpt lat="40.537377" lon="-7.314989">
			<ele>0.00</ele>
			<time>2026-01-13T21:51:15.63Z</time>
		</trkpt>
		<trkpt lat="40.537500" lon="-7.315379">
			<ele>0.00</ele>
			<time>2026-01-13T21:51:17.77Z</time>
		</trkpt>
		<trkpt lat="40.537517" lon="-7.315414">
			<ele>0.00</ele>
			<time>2026-01-13T21:51:17.98Z</time>
		</trkpt>
		<trkpt lat="40.537668" lon="-7.316009">
			<ele>0.00</ele>
			<time>2026-01-13T21:51:21.16Z</time>
		</trkpt>
		<trkpt lat="40.537672" lon="-7.316056">
			<ele>0.00</ele>
			<time>2026-01-13T21:51:21.40Z</time>
		</trkpt>
		<trkpt lat="40.537685" lon="-7.316099">
			<ele>0.00</ele>
			<time>2026-01-13T21:51:21.64Z</time>
		</trkpt>
		<trkpt lat="40.537711" lon="-7.316500">
			<ele>0.00</ele>
			<time>2026-01-13T21:51:23.67Z</time>
		</trkpt>
		<trkpt lat="40.537711" lon="-7.316506">
			<ele>0.00</ele>
			<time>2026-01-13T21:51:23.73Z</time>
		</trkpt>
		<trkpt lat="40.537813" lon="-7.317182">
			<ele>0.00</ele>
			<time>2026-01-13T21:51:27.22Z</time>
		</trkpt>
		<trkpt lat="40.537833" lon="-7.317531">
			<ele>0.00</ele>
			<time>2026-01-13T21:51:29Z</time>
		</trkpt>
		<trkpt lat="40.537825" lon="-7.317534">
			<ele>0.00</ele>
			<time>2026-01-13T21:51:29.06Z</time>
		</trkpt>
		<trkpt lat="40.537585" lon="-7.318018">
			<ele>0.00</ele>
			<time>2026-01-13T21:51:31.98Z</time>
		</trkpt>
		<trkpt lat="40.537325" lon="-7.318432">
			<ele>0.00</ele>
			<time>2026-01-13T21:51:34.71Z</time>
		</trkpt>
		<trkpt lat="40.537045" lon="-7.318437">
			<ele>0.00</ele>
			<time>2026-01-13T21:51:36.57Z</time>
		</trkpt>
		<trkpt lat="40.536954" lon="-7.318700">
			<ele>0.00</ele>
			<time>2026-01-13T21:51:38.04Z</time>
		</trkpt>
		<trkpt lat="40.536704" lon="-7.319132">
			<ele>0.00</ele>
			<time>2026-01-13T21:51:40.79Z</time>
		</trkpt>
		<trkpt lat="40.536312" lon="-7.319603">
			<ele>0.00</ele>
			<time>2026-01-13T21:51:44.33Z</time>
		</trkpt>
		<trkpt lat="40.536088" lon="-7.319745">
			<ele>0.00</ele>
			<time>2026-01-13T21:51:45.99Z</time>
		</trkpt>
		<trkpt lat="40.536010" lon="-7.320019">
			<ele>0.00</ele>
			<time>2026-01-13T21:51:47.47Z</time>
		</trkpt>
		<trkpt lat="40.535826" lon="-7.320191">
			<ele>0.00</ele>
			<time>2026-01-13T21:51:48.97Z</time>
		</trkpt>
		<trkpt lat="40.535702" lon="-7.320244">
			<ele>0.00</ele>
			<time>2026-01-13T21:51:49.84Z</time>
		</trkpt>
		<trkpt lat="40.535697" lon="-7.320248">
			<ele>0.00</ele>
			<time>2026-01-13T21:51:49.90Z</time>
		</trkpt>
		<trkpt lat="40.535549" lon="-7.320522">
			<ele>0.00</ele>
			<time>2026-01-13T21:51:51.60Z</time>
		</trkpt>
		<trkpt lat="40.535315" lon="-7.321208">
			<ele>0.00</ele>
			<time>2026-01-13T21:51:55.41Z</time>
		</trkpt>
		<trkpt lat="40.535058" lon="-7.321731">
			<ele>0.00</ele>
			<time>2026-01-13T21:51:58.57Z</time>
		</trkpt>
		<trkpt lat="40.534809" lon="-7.321834">
			<ele>0.00</ele>
			<time>2026-01-13T21:52:00.31Z</time>
		</trkpt>
		<trkpt lat="40.534664" lon="-7.322011">
			<ele>0.00</ele>
			<time>2026-01-13T21:52:01.63Z</time>
		</trkpt>
		<trkpt lat="40.534356" lon="-7.322209">
			<ele>0.00</ele>
			<time>2026-01-13T21:52:03.91Z</time>
		</trkpt>
		<trkpt lat="40.534093" lon="-7.322423">
			<ele>0.00</ele>
			<time>2026-01-13T21:52:05.97Z</time>
		</trkpt>
		<trkpt lat="40.533964" lon="-7.322552">
			<ele>0.00</ele>
			<time>2026-01-13T21:52:07.05Z</time>
		</trkpt>
		<trkpt lat="40.534042" lon="-7.322641">
			<ele>0.00</ele>
			<time>2026-01-13T21:52:07.74Z</time>
		</trkpt>
		<trkpt lat="40.534252" lon="-7.322680">
			<ele>0.00</ele>
			<time>2026-01-13T21:52:09.15Z</time>
		</trkpt>
		<trkpt lat="40.534922" lon="-7.322786">
			<ele>0.00</ele>
			<time>2026-01-13T21:52:13.65Z</time>
		</trkpt>
		<trkpt lat="40.535702" lon="-7.322816">
			<ele>0.00</ele>
			<time>2026-01-13T21:52:18.86Z</time>
		</trkpt>
		<trkpt lat="40.536125" lon="-7.322604">
			<ele>0.00</ele>
			<time>2026-01-13T21:52:21.87Z</time>
		</trkpt>
		<trkpt lat="40.536552" lon="-7.322236">
			<ele>0.00</ele>
			<time>2026-01-13T21:52:25.27Z</time>
		</trkpt>
		<trkpt lat="40.536568" lon="-7.322235">
			<ele>0.00</ele>
			<time>2026-01-13T21:52:25.38Z</time>
		</trkpt>
		<trkpt lat="40.537024" lon="-7.321918">
			<ele>0.00</ele>
			<time>2026-01-13T21:52:28.82Z</time>
		</trkpt>
		<trkpt lat="40.537393" lon="-7.321621">
			<ele>0.00</ele>
			<time>2026-01-13T21:52:31.70Z</time>
		</trkpt>
		<trkpt lat="40.537626" lon="-7.321558">
			<ele>0.00</ele>
			<time>2026-01-13T21:52:33.29Z</time>
		</trkpt>
		<trkpt lat="40.537791" lon="-7.321677">
			<ele>0.00</ele>
			<time>2026-01-13T21:52:34.54Z</time>
		</trkpt>
		<trkpt lat="40.537906" lon="-7.321867">
			<ele>0.00</ele>
			<time>2026-01-13T21:52:35.77Z</time>
		</trkpt>
		<trkpt lat="40.537880" lon="-7.322190">
			<ele>0.00</ele>
			<time>2026-01-13T21:52:37.65Z</time>
		</trkpt>
		<trkpt lat="40.537841" lon="-7.322427">
			<ele>0.00</ele>
			<time>2026-01-13T21:52:38.80Z</time>
		</trkpt>
		<trkpt lat="40.537839" lon="-7.322558">
			<ele>0.00</ele>
			<time>2026-01-13T21:52:40.10Z</time>
		</trkpt>
		<trkpt lat="40.537884" lon="-7.322671">
			<ele>0.00</ele>
			<time>2026-01-13T21:52:41.51Z</time>
		</trkpt>
		<trkpt lat="40.537922" lon="-7.323040">
			<ele>0.00</ele>
			<time>2026-01-13T21:52:43.80Z</time>
		</trkpt>
		<trkpt lat="40.537948" lon="-7.323334">
			<ele>0.00</ele>
			<time>2026-01-13T21:52:46Z</time>
		</trkpt>
		<trkpt lat="40.538028" lon="-7.324045">
			<ele>0.00</ele>
			<time>2026-01-13T21:52:48.43Z</time>
		</trkpt>
		<trkpt lat="40.537966" lon="-7.324363">
			<ele>0.00</ele>
			<time>2026-01-13T21:52:50.31Z</time>
		</trkpt>
		<trkpt lat="40.537931" lon="-7.324612">
			<ele>0.00</ele>
			<time>2026-01-13T21:52:53.04Z</time>
		</trkpt>
		<trkpt lat="40.538046" lon="-7.325197">
			<ele>0.00</ele>
			<time>2026-01-13T21:52:56.46Z</time>
		</trkpt>
		<trkpt lat="40.537918" lon="-7.325563">
			<ele>0.00</ele>
			<time>2026-01-13T21:52:58.17Z</time>
		</trkpt>
		<trkpt lat="40.537559" lon="-7.326112">
			<ele>0.00</ele>
			<time>2026-01-13T21:53:00.18Z</time>
		</trkpt>
		<trkpt lat="40.537374" lon="-7.326325">
			<ele>0.00</ele>
			<time>2026-01-13T21:53:01.53Z</time>
		</trkpt>
		<trkpt lat="40.536991" lon="-7.326416">
			<ele>0.00</ele>
			<time>2026-01-13T21:53:03.56Z</time>
		</trkpt>
		<trkpt lat="40.536528" lon="-7.326630">
			<ele>0.00</ele>
			<time>2026-01-13T21:53:03.73Z</time>
		</trkpt>
		<trkpt lat="40.535913" lon="-7.326798">
			<ele>0.00</ele>
			<time>2026-01-13T21:53:07.04Z</time>
		</trkpt>
		<trkpt lat="40.535415" lon="-7.326904">
			<ele>0.00</ele>
			<time>2026-01-13T21:53:10.91Z</time>
		</trkpt>
		<trkpt lat="40.534952" lon="-7.327194">
			<ele>0.00</ele>
			<time>2026-01-13T21:53:12.77Z</time>
		</trkpt>
		<trkpt lat="40.534476" lon="-7.327301">
			<ele>0.00</ele>
			<time>2026-01-13T21:53:15.66Z</time>
		</trkpt>
		<trkpt lat="40.534152" lon="-7.327453">
			<ele>0.00</ele>
			<time>2026-01-13T21:53:17.85Z</time>
		</trkpt>
		<trkpt lat="40.533676" lon="-7.327691">
			<ele>0.00</ele>
			<time>2026-01-13T21:53:33.04Z</time>
		</trkpt>
		<trkpt lat="40.533525" lon="-7.327763">
			<ele>0.00</ele>
			<time>2026-01-13T21:53:33.57Z</time>
		</trkpt>
		<trkpt lat="40.533316" lon="-7.327865">
			<ele>0.00</ele>
			<time>2026-01-13T21:53:35.02Z</time>
		</trkpt>
		<trkpt lat="40.532819" lon="-7.328005">
			<ele>0.00</ele>
			<time>2026-01-13T21:53:38.48Z</time>
		</trkpt>
		<trkpt lat="40.532529" lon="-7.327993">
			<ele>0.00</ele>
			<time>2026-01-13T21:53:40.42Z</time>
		</trkpt>
		<trkpt lat="40.532269" lon="-7.328199">
			<ele>0.00</ele>
			<time>2026-01-13T21:53:42.45Z</time>
		</trkpt>
		<trkpt lat="40.532214" lon="-7.328491">
			<ele>0.00</ele>
			<time>2026-01-13T21:53:43.97Z</time>
		</trkpt>
		<trkpt lat="40.532314" lon="-7.328732">
			<ele>0.00</ele>
			<time>2026-01-13T21:53:45.36Z</time>
		</trkpt>
		<trkpt lat="40.532551" lon="-7.329033">
			<ele>0.00</ele>
			<time>2026-01-13T21:53:47.56Z</time>
		</trkpt>
		<trkpt lat="40.532839" lon="-7.329161">
			<ele>0.00</ele>
			<time>2026-01-13T21:53:49.58Z</time>
		</trkpt>
		<trkpt lat="40.532656" lon="-7.329490">
			<ele>0.00</ele>
			<time>2026-01-13T21:53:51.65Z</time>
		</trkpt>
		<trkpt lat="40.532425" lon="-7.329818">
			<ele>0.00</ele>
			<time>2026-01-13T21:53:53.92Z</time>
		</trkpt>
		<trkpt lat="40.532294" lon="-7.329951">
			<ele>0.00</ele>
			<time>2026-01-13T21:53:55.01Z</time>
		</trkpt>
		<trkpt lat="40.531961" lon="-7.329806">
			<ele>0.00</ele>
			<time>2026-01-13T21:53:57.35Z</time>
		</trkpt>
		<trkpt lat="40.531724" lon="-7.329751">
			<ele>0.00</ele>
			<time>2026-01-13T21:53:58.96Z</time>
		</trkpt>
		<trkpt lat="40.531544" lon="-7.329803">
			<ele>0.00</ele>
			<time>2026-01-13T21:54:00.19Z</time>
		</trkpt>
		<trkpt lat="40.531538" lon="-7.329814">
			<ele>0.00</ele>
			<time>2026-01-13T21:54:00.26Z</time>
		</trkpt>
		<trkpt lat="40.531348" lon="-7.330013">
			<ele>0.00</ele>
			<time>2026-01-13T21:54:01.88Z</time>
		</trkpt>
		<trkpt lat="40.531223" lon="-7.330158">
			<ele>0.00</ele>
			<time>2026-01-13T21:54:02.99Z</time>
		</trkpt>
		<trkpt lat="40.530877" lon="-7.330192">
			<ele>0.00</ele>
			<time>2026-01-13T21:54:05.30Z</time>
		</trkpt>
		<trkpt lat="40.530456" lon="-7.330164">
			<ele>0.00</ele>
			<time>2026-01-13T21:54:08.11Z</time>
		</trkpt>
		<trkpt lat="40.530101" lon="-7.329967">
			<ele>0.00</ele>
			<time>2026-01-13T21:54:10.68Z</time>
		</trkpt>
		<trkpt lat="40.529830" lon="-7.329684">
			<ele>0.00</ele>
			<time>2026-01-13T21:54:12.98Z</time>
		</trkpt>
		<trkpt lat="40.529656" lon="-7.329463">
			<ele>0.00</ele>
			<time>2026-01-13T21:54:14.60Z</time>
		</trkpt>
		<trkpt lat="40.529450" lon="-7.329253">
			<ele>0.00</ele>
			<time>2026-01-13T21:54:16.34Z</time>
		</trkpt>
		<trkpt lat="40.529031" lon="-7.329241">
			<ele>0.00</ele>
			<time>2026-01-13T21:54:19.13Z</time>
		</trkpt>
		<trkpt lat="40.528251" lon="-7.329358">
			<ele>0.00</ele>
			<time>2026-01-13T21:54:24.36Z</time>
		</trkpt>
		<trkpt lat="40.527945" lon="-7.329567">
			<ele>0.00</ele>
			<time>2026-01-13T21:54:26.66Z</time>
		</trkpt>
		<trkpt lat="40.527748" lon="-7.329953">
			<ele>0.00</ele>
			<time>2026-01-13T21:54:29.02Z</time>
		</trkpt>
		<trkpt lat="40.527741" lon="-7.329963">
			<ele>0.00</ele>
			<time>2026-01-13T21:54:29.09Z</time>
		</trkpt>
		<trkpt lat="40.527469" lon="-7.330033">
			<ele>0.00</ele>
			<time>2026-01-13T21:54:30.93Z</time>
		</trkpt>
		<trkpt lat="40.527085" lon="-7.330049">
			<ele>0.00</ele>
			<time>2026-01-13T21:54:33.50Z</time>
		</trkpt>
		<trkpt lat="40.526891" lon="-7.330182">
			<ele>0.00</ele>
			<time>2026-01-13T21:54:34.95Z</time>
		</trkpt>
		<trkpt lat="40.526874" lon="-7.330200">
			<ele>0.00</ele>
			<time>2026-01-13T21:54:35.09Z</time>
		</trkpt>
		<trkpt lat="40.526483" lon="-7.330611">
			<ele>0.00</ele>
			<time>2026-01-13T21:54:38.43Z</time>
		</trkpt>
		<trkpt lat="40.525982" lon="-7.331028">
			<ele>0.00</ele>
			<time>2026-01-13T21:54:42.39Z</time>
		</trkpt>
		<trkpt lat="40.525542" lon="-7.331301">
			<ele>0.00</ele>
			<time>2026-01-13T21:54:45.63Z</time>
		</trkpt>
		<trkpt lat="40.525198" lon="-7.331639">
			<ele>0.00</ele>
			<time>2026-01-13T21:54:48.49Z</time>
		</trkpt>
		<trkpt lat="40.524797" lon="-7.332050">
			<ele>0.00</ele>
			<time>2026-01-13T21:54:51.88Z</time>
		</trkpt>
		<trkpt lat="40.524795" lon="-7.332061">
			<ele>0.00</ele>
			<time>2026-01-13T21:54:51.94Z</time>
		</trkpt>
		<trkpt lat="40.524538" lon="-7.332247">
			<ele>0.00</ele>
			<time>2026-01-13T21:54:53.89Z</time>
		</trkpt>
		<trkpt lat="40.523897" lon="-7.332364">
			<ele>0.00</ele>
			<time>2026-01-13T21:54:58.21Z</time>
		</trkpt>
		<trkpt lat="40.523335" lon="-7.332423">
			<ele>0.00</ele>
			<time>2026-01-13T21:55:01.97Z</time>
		</trkpt>
		<trkpt lat="40.523183" lon="-7.332498">
			<ele>0.00</ele>
			<time>2026-01-13T21:55:03.05Z</time>
		</trkpt>
		<trkpt lat="40.523043" lon="-7.332480">
			<ele>0.00</ele>
			<time>2026-01-13T21:55:03.99Z</time>
		</trkpt>
		<trkpt lat="40.522889" lon="-7.332447">
			<ele>0.00</ele>
			<time>2026-01-13T21:55:05.03Z</time>
		</trkpt>
		<trkpt lat="40.522755" lon="-7.332484">
			<ele>0.00</ele>
			<time>2026-01-13T21:55:05.94Z</time>
		</trkpt>
		<trkpt lat="40.522603" lon="-7.332622">
			<ele>0.00</ele>
			<time>2026-01-13T21:55:07.17Z</time>
		</trkpt>
		<trkpt lat="40.522585" lon="-7.332642">
			<ele>0.00</ele>
			<time>2026-01-13T21:55:07.33Z</time>
		</trkpt>
		<trkpt lat="40.522416" lon="-7.332771">
			<ele>0.00</ele>
			<time>2026-01-13T21:55:08.63Z</time>
		</trkpt>
		<trkpt lat="40.522167" lon="-7.332991">
			<ele>0.00</ele>
			<time>2026-01-13T21:55:10.64Z</time>
		</trkpt>
		<trkpt lat="40.521938" lon="-7.333448">
			<ele>0.00</ele>
			<time>2026-01-13T21:55:13.41Z</time>
		</trkpt>
		<trkpt lat="40.521863" lon="-7.333628">
			<ele>0.00</ele>
			<time>2026-01-13T21:55:14.45Z</time>
		</trkpt>
		<trkpt lat="40.521982" lon="-7.333577">
			<ele>0.00</ele>
			<time>2026-01-13T21:55:15.28Z</time>
		</trkpt>
		<trkpt lat="40.522154" lon="-7.333456">
			<ele>0.00</ele>
			<time>2026-01-13T21:55:16.58Z</time>
		</trkpt>
		<trkpt lat="40.522381" lon="-7.333427">
			<ele>0.00</ele>
			<time>2026-01-13T21:55:18.11Z</time>
		</trkpt>
		<trkpt lat="40.522622" lon="-7.333476">
			<ele>0.00</ele>
			<time>2026-01-13T21:55:19.73Z</time>
		</trkpt>
		<trkpt lat="40.522845" lon="-7.333704">
			<ele>0.00</ele>
			<time>2026-01-13T21:55:21.62Z</time>
		</trkpt>
		<trkpt lat="40.523003" lon="-7.333923">
			<ele>0.00</ele>
			<time>2026-01-13T21:55:23.15Z</time>
		</trkpt>
		<trkpt lat="40.523043" lon="-7.334049">
			<ele>0.00</ele>
			<time>2026-01-13T21:55:23.83Z</time>
		</trkpt>
		<trkpt lat="40.523117" lon="-7.334438">
			<ele>0.00</ele>
			<time>2026-01-13T21:55:25.87Z</time>
		</trkpt>
		<trkpt lat="40.523116" lon="-7.334522">
			<ele>0.00</ele>
			<time>2026-01-13T21:55:26.30Z</time>
		</trkpt>
		<trkpt lat="40.522952" lon="-7.334484">
			<ele>0.00</ele>
			<time>2026-01-13T21:55:27.41Z</time>
		</trkpt>
		<trkpt lat="40.522761" lon="-7.334501">
			<ele>0.00</ele>
			<time>2026-01-13T21:55:28.68Z</time>
		</trkpt>
		<trkpt lat="40.522720" lon="-7.334667">
			<ele>0.00</ele>
			<time>2026-01-13T21:55:29.57Z</time>
		</trkpt>
		<trkpt lat="40.522749" lon="-7.334896">
			<ele>0.00</ele>
			<time>2026-01-13T21:55:30.75Z</time>
		</trkpt>
		<trkpt lat="40.522748" lon="-7.334902">
			<ele>0.00</ele>
			<time>2026-01-13T21:55:30.81Z</time>
		</trkpt>
		<trkpt lat="40.522928" lon="-7.335302">
			<ele>0.00</ele>
			<time>2026-01-13T21:55:33.16Z</time>
		</trkpt>
		<trkpt lat="40.523057" lon="-7.335747">
			<ele>0.00</ele>
			<time>2026-01-13T21:55:35.58Z</time>
		</trkpt>
		<trkpt lat="40.523207" lon="-7.335955">
			<ele>0.00</ele>
			<time>2026-01-13T21:55:37.03Z</time>
		</trkpt>
		<trkpt lat="40.523505" lon="-7.335990">
			<ele>0.00</ele>
			<time>2026-01-13T21:55:39.03Z</time>
		</trkpt>
		<trkpt lat="40.523929" lon="-7.335979">
			<ele>0.00</ele>
			<time>2026-01-13T21:55:41.85Z</time>
		</trkpt>
		<trkpt lat="40.524149" lon="-7.336089">
			<ele>0.00</ele>
			<time>2026-01-13T21:55:43.42Z</time>
		</trkpt>
		<trkpt lat="40.524071" lon="-7.336513">
			<ele>0.00</ele>
			<time>2026-01-13T21:55:45.63Z</time>
		</trkpt>
		<trkpt lat="40.523799" lon="-7.336853">
			<ele>0.00</ele>
			<time>2026-01-13T21:55:48.13Z</time>
		</trkpt>
		<trkpt lat="40.523399" lon="-7.337518">
			<ele>0.00</ele>
			<time>2026-01-13T21:55:52.42Z</time>
		</trkpt>
		<trkpt lat="40.523392" lon="-7.337523">
			<ele>0.00</ele>
			<time>2026-01-13T21:55:52.48Z</time>
		</trkpt>
		<trkpt lat="40.523035" lon="-7.337975">
			<ele>0.00</ele>
			<time>2026-01-13T21:55:55.78Z</time>
		</trkpt>
		<trkpt lat="40.523027" lon="-7.337997">
			<ele>0.00</ele>
			<time>2026-01-13T21:55:55.91Z</time>
		</trkpt>
		<trkpt lat="40.523006" lon="-7.338035">
			<ele>0.00</ele>
			<time>2026-01-13T21:55:56.15Z</time>
		</trkpt>
		<trkpt lat="40.523000" lon="-7.338039">
			<ele>0.00</ele>
			<time>2026-01-13T21:55:56.21Z</time>
		</trkpt>
		<trkpt lat="40.522726" lon="-7.338805">
			<ele>0.00</ele>
			<time>2026-01-13T21:56:00.50Z</time>
		</trkpt>
		<trkpt lat="40.522484" lon="-7.339112">
			<ele>0.00</ele>
			<time>2026-01-13T21:56:02.73Z</time>
		</trkpt>
		<trkpt lat="40.522240" lon="-7.339405">
			<ele>0.00</ele>
			<time>2026-01-13T21:56:04.93Z</time>
		</trkpt>
		<trkpt lat="40.521844" lon="-7.339693">
			<ele>0.00</ele>
			<time>2026-01-13T21:56:07.95Z</time>
		</trkpt>
		<trkpt lat="40.521314" lon="-7.339954">
			<ele>0.00</ele>
			<time>2026-01-13T21:56:11.73Z</time>
		</trkpt>
		<trkpt lat="40.520747" lon="-7.340328">
			<ele>0.00</ele>
			<time>2026-01-13T21:56:15.95Z</time>
		</trkpt>
		<trkpt lat="40.520317" lon="-7.340725">
			<ele>0.00</ele>
			<time>2026-01-13T21:56:19.45Z</time>
		</trkpt>
		<trkpt lat="40.520313" lon="-7.340728">
			<ele>0.00</ele>
			<time>2026-01-13T21:56:19.51Z</time>
		</trkpt>
		<trkpt lat="40.520063" lon="-7.340831">
			<ele>0.00</ele>
			<time>2026-01-13T21:56:21.26Z</time>
		</trkpt>
		<trkpt lat="40.520058" lon="-7.340848">
			<ele>0.00</ele>
			<time>2026-01-13T21:56:21.35Z</time>
		</trkpt>
		<trkpt lat="40.519978" lon="-7.341179">
			<ele>0.00</ele>
			<time>2026-01-13T21:56:23.11Z</time>
		</trkpt>
		<trkpt lat="40.519974" lon="-7.341182">
			<ele>0.00</ele>
			<time>2026-01-13T21:56:23.17Z</time>
		</trkpt>
		<trkpt lat="40.519883" lon="-7.341681">
			<ele>0.00</ele>
			<time>2026-01-13T21:56:25.77Z</time>
		</trkpt>
		<trkpt lat="40.519790" lon="-7.341755">
			<ele>0.00</ele>
			<time>2026-01-13T21:56:26.50Z</time>
		</trkpt>
		<trkpt lat="40.519660" lon="-7.341718">
			<ele>0.00</ele>
			<time>2026-01-13T21:56:27.39Z</time>
		</trkpt>
		<trkpt lat="40.519535" lon="-7.341633">
			<ele>0.00</ele>
			<time>2026-01-13T21:56:28.32Z</time>
		</trkpt>
		<trkpt lat="40.519264" lon="-7.341429">
			<ele>0.00</ele>
			<time>2026-01-13T21:56:30.41Z</time>
		</trkpt>
		<trkpt lat="40.519045" lon="-7.341490">
			<ele>0.00</ele>
			<time>2026-01-13T21:56:31.90Z</time>
		</trkpt>
		<trkpt lat="40.518795" lon="-7.341688">
			<ele>0.00</ele>
			<time>2026-01-13T21:56:33.84Z</time>
		</trkpt>
		<trkpt lat="40.518608" lon="-7.341778">
			<ele>0.00</ele>
			<time>2026-01-13T21:56:35.17Z</time>
		</trkpt>
		<trkpt lat="40.518397" lon="-7.341599">
			<ele>0.00</ele>
			<time>2026-01-13T21:56:36.84Z</time>
		</trkpt>
		<trkpt lat="40.518228" lon="-7.341544">
			<ele>0.00</ele>
			<time>2026-01-13T21:56:38.01Z</time>
		</trkpt>
		<trkpt lat="40.518192" lon="-7.341558">
			<ele>0.00</ele>
			<time>2026-01-13T21:56:38.26Z</time>
		</trkpt>
		<trkpt lat="40.517917" lon="-7.341596">
			<ele>0.00</ele>
			<time>2026-01-13T21:56:40.10Z</time>
		</trkpt>
		<trkpt lat="40.517675" lon="-7.341625">
			<ele>0.00</ele>
			<time>2026-01-13T21:56:41.72Z</time>
		</trkpt>
		<trkpt lat="40.517584" lon="-7.341547">
			<ele>0.00</ele>
			<time>2026-01-13T21:56:42.44Z</time>
		</trkpt>
		<trkpt lat="40.517543" lon="-7.341381">
			<ele>0.00</ele>
			<time>2026-01-13T21:56:43.33Z</time>
		</trkpt>
		<trkpt lat="40.517513" lon="-7.341290">
			<ele>0.00</ele>
			<time>2026-01-13T21:56:43.83Z</time>
		</trkpt>
		<trkpt lat="40.517411" lon="-7.341252">
			<ele>0.00</ele>
			<time>2026-01-13T21:56:44.54Z</time>
		</trkpt>
		<trkpt lat="40.517404" lon="-7.341256">
			<ele>0.00</ele>
			<time>2026-01-13T21:56:44.60Z</time>
		</trkpt>
		<trkpt lat="40.517276" lon="-7.341289">
			<ele>0.00</ele>
			<time>2026-01-13T21:56:45.47Z</time>
		</trkpt>
		<trkpt lat="40.517143" lon="-7.341251">
			<ele>0.00</ele>
			<time>2026-01-13T21:56:46.38Z</time>
		</trkpt>
		<trkpt lat="40.517007" lon="-7.341192">
			<ele>0.00</ele>
			<time>2026-01-13T21:56:47.33Z</time>
		</trkpt>
		<trkpt lat="40.516896" lon="-7.341212">
			<ele>0.00</ele>
			<time>2026-01-13T21:56:48.08Z</time>
		</trkpt>
		<trkpt lat="40.516620" lon="-7.341220">
			<ele>0.00</ele>
			<time>2026-01-13T21:56:49.92Z</time>
		</trkpt>
		<trkpt lat="40.516366" lon="-7.341235">
			<ele>0.00</ele>
			<time>2026-01-13T21:56:51.61Z</time>
		</trkpt>
		<trkpt lat="40.516123" lon="-7.341218">
			<ele>0.00</ele>
			<time>2026-01-13T21:56:53.24Z</time>
		</trkpt>
		<trkpt lat="40.515931" lon="-7.341256">
			<ele>0.00</ele>
			<time>2026-01-13T21:56:54.53Z</time>
		</trkpt>
		<trkpt lat="40.515795" lon="-7.341310">
			<ele>0.00</ele>
			<time>2026-01-13T21:56:55.47Z</time>
		</trkpt>
		<trkpt lat="40.515538" lon="-7.341464">
			<ele>0.00</ele>
			<time>2026-01-13T21:56:57.36Z</time>
		</trkpt>
		<trkpt lat="40.515354" lon="-7.341582">
			<ele>0.00</ele>
			<time>2026-01-13T21:56:58.72Z</time>
		</trkpt>
		<trkpt lat="40.515099" lon="-7.341709">
			<ele>0.00</ele>
			<time>2026-01-13T21:57:00.54Z</time>
		</trkpt>
		<trkpt lat="40.515052" lon="-7.341856">
			<ele>0.00</ele>
			<time>2026-01-13T21:57:01.35Z</time>
		</trkpt>
		<trkpt lat="40.515051" lon="-7.341870">
			<ele>0.00</ele>
			<time>2026-01-13T21:57:01.42Z</time>
		</trkpt>
		<trkpt lat="40.515055" lon="-7.342181">
			<ele>0.00</ele>
			<time>2026-01-13T21:57:03Z</time>
		</trkpt>
		<trkpt lat="40.515067" lon="-7.342304">
			<ele>0.00</ele>
			<time>2026-01-13T21:57:03.62Z</time>
		</trkpt>
		<trkpt lat="40.514986" lon="-7.342351">
			<ele>0.00</ele>
			<time>2026-01-13T21:57:04.22Z</time>
		</trkpt>
		<trkpt lat="40.514824" lon="-7.342391">
			<ele>0.00</ele>
			<time>2026-01-13T21:57:05.32Z</time>
		</trkpt>
		<trkpt lat="40.514088" lon="-7.342642">
			<ele>0.00</ele>
			<time>2026-01-13T21:57:10.38Z</time>
		</trkpt>
		<trkpt lat="40.513191" lon="-7.343042">
			<ele>0.00</ele>
			<time>2026-01-13T21:57:16.70Z</time>
		</trkpt>
		<trkpt lat="40.513010" lon="-7.343108">
			<ele>0.00</ele>
			<time>2026-01-13T21:57:17.95Z</time>
		</trkpt>
		<trkpt lat="40.512854" lon="-7.343175">
			<ele>0.00</ele>
			<time>2026-01-13T21:57:19.04Z</time>
		</trkpt>
		<trkpt lat="40.512846" lon="-7.343180">
			<ele>0.00</ele>
			<time>2026-01-13T21:57:19.10Z</time>
		</trkpt>
		<trkpt lat="40.512754" lon="-7.343274">
			<ele>0.00</ele>
			<time>2026-01-13T21:57:19.88Z</time>
		</trkpt>
		<trkpt lat="40.512617" lon="-7.343463">
			<ele>0.00</ele>
			<time>2026-01-13T21:57:21.21Z</time>
		</trkpt>
		<trkpt lat="40.512197" lon="-7.344222">
			<ele>0.00</ele>
			<time>2026-01-13T21:57:25.97Z</time>
		</trkpt>
		<trkpt lat="40.512040" lon="-7.344500">
			<ele>0.00</ele>
			<time>2026-01-13T21:57:27.72Z</time>
		</trkpt>
		<trkpt lat="40.511939" lon="-7.344566">
			<ele>0.00</ele>
			<time>2026-01-13T21:57:28.47Z</time>
		</trkpt>
		<trkpt lat="40.511734" lon="-7.344690">
			<ele>0.00</ele>
			<time>2026-01-13T21:57:29.98Z</time>
		</trkpt>
		<trkpt lat="40.511602" lon="-7.344855">
			<ele>0.00</ele>
			<time>2026-01-13T21:57:31.19Z</time>
		</trkpt>
		<trkpt lat="40.511539" lon="-7.345046">
			<ele>0.00</ele>
			<time>2026-01-13T21:57:32.24Z</time>
		</trkpt>
		<trkpt lat="40.511361" lon="-7.345282">
			<ele>0.00</ele>
			<time>2026-01-13T21:57:33.93Z</time>
		</trkpt>
		<trkpt lat="40.511134" lon="-7.345587">
			<ele>0.00</ele>
			<time>2026-01-13T21:57:36.09Z</time>
		</trkpt>
		<trkpt lat="40.510759" lon="-7.346112">
			<ele>0.00</ele>
			<time>2026-01-13T21:57:39.74Z</time>
		</trkpt>
		<trkpt lat="40.510586" lon="-7.346284">
			<ele>0.00</ele>
			<time>2026-01-13T21:57:41.19Z</time>
		</trkpt>
		<trkpt lat="40.510583" lon="-7.346287">
			<ele>0.00</ele>
			<time>2026-01-13T21:57:41.25Z</time>
		</trkpt>
		<trkpt lat="40.510414" lon="-7.346466">
			<ele>0.00</ele>
			<time>2026-01-13T21:57:42.69Z</time>
		</trkpt>
		<trkpt lat="40.510266" lon="-7.346510">
			<ele>0.00</ele>
			<time>2026-01-13T21:57:43.70Z</time>
		</trkpt>
		<trkpt lat="40.510124" lon="-7.346544">
			<ele>0.00</ele>
			<time>2026-01-13T21:57:44.66Z</time>
		</trkpt>
		<trkpt lat="40.510025" lon="-7.346654">
			<ele>0.00</ele>
			<time>2026-01-13T21:57:45.53Z</time>
		</trkpt>
		<trkpt lat="40.510022" lon="-7.346657">
			<ele>0.00</ele>
			<time>2026-01-13T21:57:45.59Z</time>
		</trkpt>
		<trkpt lat="40.509949" lon="-7.346800">
			<ele>0.00</ele>
			<time>2026-01-13T21:57:46.47Z</time>
		</trkpt>
		<trkpt lat="40.509875" lon="-7.346751">
			<ele>0.00</ele>
			<time>2026-01-13T21:57:47.02Z</time>
		</trkpt>
		<trkpt lat="40.509834" lon="-7.346656">
			<ele>0.00</ele>
			<time>2026-01-13T21:57:47.58Z</time>
		</trkpt>
		<trkpt lat="40.509767" lon="-7.346614">
			<ele>0.00</ele>
			<time>2026-01-13T21:57:48.07Z</time>
		</trkpt>
		<trkpt lat="40.509493" lon="-7.346593">
			<ele>0.00</ele>
			<time>2026-01-13T21:57:49.90Z</time>
		</trkpt>
		<trkpt lat="40.509202" lon="-7.346547">
			<ele>0.00</ele>
			<time>2026-01-13T21:57:51.86Z</time>
		</trkpt>
		<trkpt lat="40.509186" lon="-7.346548">
			<ele>0.00</ele>
			<time>2026-01-13T21:57:51.96Z</time>
		</trkpt>
		<trkpt lat="40.509177" lon="-7.346547">
			<ele>0.00</ele>
			<time>2026-01-13T21:57:52.03Z</time>
		</trkpt>
		<trkpt lat="40.509164" lon="-7.346545">
			<ele>0.00</ele>
			<time>2026-01-13T21:57:52.11Z</time>
		</trkpt>
		<trkpt lat="40.508869" lon="-7.346551">
			<ele>0.00</ele>
			<time>2026-01-13T21:57:54.08Z</time>
		</trkpt>
		<trkpt lat="40.508854" lon="-7.346550">
			<ele>0.00</ele>
			<time>2026-01-13T21:57:54.18Z</time>
		</trkpt>
		<trkpt lat="40.508651" lon="-7.346579">
			<ele>0.00</ele>
			<time>2026-01-13T21:57:55.54Z</time>
		</trkpt>
		<trkpt lat="40.508444" lon="-7.346722">
			<ele>0.00</ele>
			<time>2026-01-13T21:57:57.10Z</time>
		</trkpt>
		<trkpt lat="40.508440" lon="-7.346728">
			<ele>0.00</ele>
			<time>2026-01-13T21:57:57.16Z</time>
		</trkpt>
		<trkpt lat="40.508265" lon="-7.347032">
			<ele>0.00</ele>
			<time>2026-01-13T21:57:59.09Z</time>
		</trkpt>
		<trkpt lat="40.507999" lon="-7.347397">
			<ele>0.00</ele>
			<time>2026-01-13T21:58:01.65Z</time>
		</trkpt>
		<trkpt lat="40.507732" lon="-7.347660">
			<ele>0.00</ele>
			<time>2026-01-13T21:58:03.88Z</time>
		</trkpt>
		<trkpt lat="40.507524" lon="-7.347781">
			<ele>0.00</ele>
			<time>2026-01-13T21:58:05.39Z</time>
		</trkpt>
		<trkpt lat="40.507328" lon="-7.348106">
			<ele>0.00</ele>
			<time>2026-01-13T21:58:07.50Z</time>
		</trkpt>
		<trkpt lat="40.506832" lon="-7.348849">
			<ele>0.00</ele>
			<time>2026-01-13T21:58:12.51Z</time>
		</trkpt>
		<trkpt lat="40.506653" lon="-7.349129">
			<ele>0.00</ele>
			<time>2026-01-13T21:58:14.36Z</time>
		</trkpt>
		<trkpt lat="40.506434" lon="-7.349340">
			<ele>0.00</ele>
			<time>2026-01-13T21:58:16.17Z</time>
		</trkpt>
		<trkpt lat="40.506431" lon="-7.349343">
			<ele>0.00</ele>
			<time>2026-01-13T21:58:16.23Z</time>
		</trkpt>
		<trkpt lat="40.506207" lon="-7.349498">
			<ele>0.00</ele>
			<time>2026-01-13T21:58:17.92Z</time>
		</trkpt>
		<trkpt lat="40.505911" lon="-7.349818">
			<ele>0.00</ele>
			<time>2026-01-13T21:58:20.48Z</time>
		</trkpt>
		<trkpt lat="40.505695" lon="-7.349830">
			<ele>0.00</ele>
			<time>2026-01-13T21:58:21.92Z</time>
		</trkpt>
		<trkpt lat="40.505497" lon="-7.349794">
			<ele>0.00</ele>
			<time>2026-01-13T21:58:23.25Z</time>
		</trkpt>
		<trkpt lat="40.505428" lon="-7.349756">
			<ele>0.00</ele>
			<time>2026-01-13T21:58:23.75Z</time>
		</trkpt>
		<trkpt lat="40.505484" lon="-7.349384">
			<ele>0.00</ele>
			<time>2026-01-13T21:58:25.67Z</time>
		</trkpt>
		<trkpt lat="40.505564" lon="-7.349002">
			<ele>0.00</ele>
			<time>2026-01-13T21:58:27.67Z</time>
		</trkpt>
		<trkpt lat="40.505589" lon="-7.348768">
			<ele>0.00</ele>
			<time>2026-01-13T21:58:28.87Z</time>
		</trkpt>
		<trkpt lat="40.505494" lon="-7.348691">
			<ele>0.00</ele>
			<time>2026-01-13T21:58:29.61Z</time>
		</trkpt>
		<trkpt lat="40.505155" lon="-7.348732">
			<ele>0.00</ele>
			<time>2026-01-13T21:58:31.88Z</time>
		</trkpt>
		<trkpt lat="40.504860" lon="-7.348840">
			<ele>0.00</ele>
			<time>2026-01-13T21:58:33.93Z</time>
		</trkpt>
		<trkpt lat="40.504687" lon="-7.349073">
			<ele>0.00</ele>
			<time>2026-01-13T21:58:35.57Z</time>
		</trkpt>
		<trkpt lat="40.504383" lon="-7.349298">
			<ele>0.00</ele>
			<time>2026-01-13T21:58:37.90Z</time>
		</trkpt>
		<trkpt lat="40.504058" lon="-7.349422">
			<ele>0.00</ele>
			<time>2026-01-13T21:58:40.15Z</time>
		</trkpt>
		<trkpt lat="40.503779" lon="-7.349631">
			<ele>0.00</ele>
			<time>2026-01-13T21:58:42.30Z</time>
		</trkpt>
		<trkpt lat="40.503772" lon="-7.349638">
			<ele>0.00</ele>
			<time>2026-01-13T21:58:42.36Z</time>
		</trkpt>
		<trkpt lat="40.503472" lon="-7.349748">
			<ele>0.00</ele>
			<time>2026-01-13T21:58:44.43Z</time>
		</trkpt>
		<trkpt lat="40.503145" lon="-7.349765">
			<ele>0.00</ele>
			<time>2026-01-13T21:58:46.61Z</time>
		</trkpt>
		<trkpt lat="40.502726" lon="-7.349841">
			<ele>0.00</ele>
			<time>2026-01-13T21:58:49.43Z</time>
		</trkpt>
		<trkpt lat="40.502375" lon="-7.349980">
			<ele>0.00</ele>
			<time>2026-01-13T21:58:51.88Z</time>
		</trkpt>
		<trkpt lat="40.502169" lon="-7.350178">
			<ele>0.00</ele>
			<time>2026-01-13T21:58:53.58Z</time>
		</trkpt>
		<trkpt lat="40.501953" lon="-7.350571">
			<ele>0.00</ele>
			<time>2026-01-13T21:58:56.03Z</time>
		</trkpt>
		<trkpt lat="40.501944" lon="-7.350594">
			<ele>0.00</ele>
			<time>2026-01-13T21:58:56.17Z</time>
		</trkpt>
		<trkpt lat="40.501839" lon="-7.350890">
			<ele>0.00</ele>
			<time>2026-01-13T21:58:57.82Z</time>
		</trkpt>
		<trkpt lat="40.501850" lon="-7.351168">
			<ele>0.00</ele>
			<time>2026-01-13T21:58:59.23Z</time>
		</trkpt>
		<trkpt lat="40.501761" lon="-7.351279">
			<ele>0.00</ele>
			<time>2026-01-13T21:59:00.05Z</time>
		</trkpt>
		<trkpt lat="40.501495" lon="-7.351392">
			<ele>0.00</ele>
			<time>2026-01-13T21:59:01.92Z</time>
		</trkpt>
		<trkpt lat="40.501332" lon="-7.351668">
			<ele>0.00</ele>
			<time>2026-01-13T21:59:03.69Z</time>
		</trkpt>
		<trkpt lat="40.501024" lon="-7.351810">
			<ele>0.00</ele>
			<time>2026-01-13T21:59:05.87Z</time>
		</trkpt>
		<trkpt lat="40.500713" lon="-7.352054">
			<ele>0.00</ele>
			<time>2026-01-13T21:59:08.28Z</time>
		</trkpt>
		<trkpt lat="40.500351" lon="-7.352185">
			<ele>0.00</ele>
			<time>2026-01-13T21:59:10.78Z</time>
		</trkpt>
		<trkpt lat="40.500054" lon="-7.352291">
			<ele>0.00</ele>
			<time>2026-01-13T21:59:12.83Z</time>
		</trkpt>
		<trkpt lat="40.500047" lon="-7.352298">
			<ele>0.00</ele>
			<time>2026-01-13T21:59:12.89Z</time>
		</trkpt>
		<trkpt lat="40.499767" lon="-7.352499">
			<ele>0.00</ele>
			<time>2026-01-13T21:59:15.02Z</time>
		</trkpt>
		<trkpt lat="40.499574" lon="-7.353013">
			<ele>0.00</ele>
			<time>2026-01-13T21:59:17.92Z</time>
		</trkpt>
		<trkpt lat="40.499572" lon="-7.353030">
			<ele>0.00</ele>
			<time>2026-01-13T21:59:18.01Z</time>
		</trkpt>
		<trkpt lat="40.499467" lon="-7.353398">
			<ele>0.00</ele>
			<time>2026-01-13T21:59:20Z</time>
		</trkpt>
		<trkpt lat="40.499463" lon="-7.353432">
			<ele>0.00</ele>
			<time>2026-01-13T21:59:20.18Z</time>
		</trkpt>
		<trkpt lat="40.499432" lon="-7.353943">
			<ele>0.00</ele>
			<time>2026-01-13T21:59:22.78Z</time>
		</trkpt>
		<trkpt lat="40.499563" lon="-7.354220">
			<ele>0.00</ele>
			<time>2026-01-13T21:59:24.43Z</time>
		</trkpt>
		<trkpt lat="40.499673" lon="-7.354336">
			<ele>0.00</ele>
			<time>2026-01-13T21:59:25.37Z</time>
		</trkpt>
		<trkpt lat="40.499930" lon="-7.354504">
			<ele>0.00</ele>
			<time>2026-01-13T21:59:27.28Z</time>
		</trkpt>
		<trkpt lat="40.500296" lon="-7.354785">
			<ele>0.00</ele>
			<time>2026-01-13T21:59:30.11Z</time>
		</trkpt>
		<trkpt lat="40.500802" lon="-7.355090">
			<ele>0.00</ele>
			<time>2026-01-13T21:59:33.82Z</time>
		</trkpt>
		<trkpt lat="40.500874" lon="-7.355314">
			<ele>0.00</ele>
			<time>2026-01-13T21:59:35.05Z</time>
		</trkpt>
		<trkpt lat="40.500873" lon="-7.355320">
			<ele>0.00</ele>
			<time>2026-01-13T21:59:35.11Z</time>
		</trkpt>
		<trkpt lat="40.500902" lon="-7.355766">
			<ele>0.00</ele>
			<time>2026-01-13T21:59:37.38Z</time>
		</trkpt>
		<trkpt lat="40.500827" lon="-7.356194">
			<ele>0.00</ele>
			<time>2026-01-13T21:59:39.61Z</time>
		</trkpt>
		<trkpt lat="40.500684" lon="-7.356964">
			<ele>0.00</ele>
			<time>2026-01-13T21:59:43.62Z</time>
		</trkpt>
		<trkpt lat="40.500596" lon="-7.357413">
			<ele>0.00</ele>
			<time>2026-01-13T21:59:45.97Z</time>
		</trkpt>
		<trkpt lat="40.500831" lon="-7.357692">
			<ele>0.00</ele>
			<time>2026-01-13T21:59:48.08Z</time>
		</trkpt>
		<trkpt lat="40.501240" lon="-7.357824">
			<ele>0.00</ele>
			<time>2026-01-13T21:59:50.89Z</time>
		</trkpt>
		<trkpt lat="40.501454" lon="-7.357903">
			<ele>0.00</ele>
			<time>2026-01-13T21:59:52.37Z</time>
		</trkpt>
		<trkpt lat="40.501463" lon="-7.357906">
			<ele>0.00</ele>
			<time>2026-01-13T21:59:52.43Z</time>
		</trkpt>
		<trkpt lat="40.501813" lon="-7.357961">
			<ele>0.00</ele>
			<time>2026-01-13T21:59:54.78Z</time>
		</trkpt>
		<trkpt lat="40.501974" lon="-7.358054">
			<ele>0.00</ele>
			<time>2026-01-13T21:59:55.96Z</time>
		</trkpt>
		<trkpt lat="40.502563" lon="-7.358497">
			<ele>0.00</ele>
			<time>2026-01-13T22:00:00.48Z</time>
		</trkpt>
		<trkpt lat="40.502787" lon="-7.358740">
			<ele>0.00</ele>
			<time>2026-01-13T22:00:02.41Z</time>
		</trkpt>
		<trkpt lat="40.502986" lon="-7.358964">
			<ele>0.00</ele>
			<time>2026-01-13T22:00:04.16Z</time>
		</trkpt>
		<trkpt lat="40.503149" lon="-7.359152">
			<ele>0.00</ele>
			<time>2026-01-13T22:00:05.61Z</time>
		</trkpt>
		<trkpt lat="40.503300" lon="-7.359301">
			<ele>0.00</ele>
			<time>2026-01-13T22:00:06.87Z</time>
		</trkpt>
		<trkpt lat="40.503597" lon="-7.359473">
			<ele>0.00</ele>
			<time>2026-01-13T22:00:09.03Z</time>
		</trkpt>
		<trkpt lat="40.503951" lon="-7.359700">
			<ele>0.00</ele>
			<time>2026-01-13T22:00:11.65Z</time>
		</trkpt>
		<trkpt lat="40.504045" lon="-7.359854">
			<ele>0.00</ele>
			<time>2026-01-13T22:00:12.65Z</time>
		</trkpt>
		<trkpt lat="40.504048" lon="-7.359861">
			<ele>0.00</ele>
			<time>2026-01-13T22:00:12.71Z</time>
		</trkpt>
		<trkpt lat="40.504226" lon="-7.360110">
			<ele>0.00</ele>
			<time>2026-01-13T22:00:14.44Z</time>
		</trkpt>
		<trkpt lat="40.504357" lon="-7.360170">
			<ele>0.00</ele>
			<time>2026-01-13T22:00:15.37Z</time>
		</trkpt>
		<trkpt lat="40.504561" lon="-7.360041">
			<ele>0.00</ele>
			<time>2026-01-13T22:00:16.88Z</time>
		</trkpt>
		<trkpt lat="40.504656" lon="-7.359982">
			<ele>0.00</ele>
			<time>2026-01-13T22:00:17.58Z</time>
		</trkpt>
		<trkpt lat="40.504760" lon="-7.360135">
			<ele>0.00</ele>
			<time>2026-01-13T22:00:18.62Z</time>
		</trkpt>
		<trkpt lat="40.504737" lon="-7.360450">
			<ele>0.00</ele>
			<time>2026-01-13T22:00:20.23Z</time>
		</trkpt>
		<trkpt lat="40.504732" lon="-7.360473">
			<ele>0.00</ele>
			<time>2026-01-13T22:00:20.35Z</time>
		</trkpt>
		<trkpt lat="40.504642" lon="-7.360757">
			<ele>0.00</ele>
			<time>2026-01-13T22:00:21.91Z</time>
		</trkpt>
		<trkpt lat="40.504637" lon="-7.360780">
			<ele>0.00</ele>
			<time>2026-01-13T22:00:22.03Z</time>
		</trkpt>
		<trkpt lat="40.504625" lon="-7.360957">
			<ele>0.00</ele>
			<time>2026-01-13T22:00:22.93Z</time>
		</trkpt>
		<trkpt lat="40.504620" lon="-7.360981">
			<ele>0.00</ele>
			<time>2026-01-13T22:00:23.05Z</time>
		</trkpt>
		<trkpt lat="40.504623" lon="-7.361013">
			<ele>0.00</ele>
			<time>2026-01-13T22:00:23.22Z</time>
		</trkpt>
		<trkpt lat="40.504654" lon="-7.361312">
			<ele>0.00</ele>
			<time>2026-01-13T22:00:24.75Z</time>
		</trkpt>
		<trkpt lat="40.504436" lon="-7.361626">
			<ele>0.00</ele>
			<time>2026-01-13T22:00:26.91Z</time>
		</trkpt>
		<trkpt lat="40.504133" lon="-7.361970">
			<ele>0.00</ele>
			<time>2026-01-13T22:00:29.57Z</time>
		</trkpt>
		<trkpt lat="40.503917" lon="-7.362446">
			<ele>0.00</ele>
			<time>2026-01-13T22:00:32.38Z</time>
		</trkpt>
		<trkpt lat="40.503840" lon="-7.362922">
			<ele>0.00</ele>
			<time>2026-01-13T22:00:34.85Z</time>
		</trkpt>
		<trkpt lat="40.503827" lon="-7.363151">
			<ele>0.00</ele>
			<time>2026-01-13T22:00:36.02Z</time>
		</trkpt>
		<trkpt lat="40.503822" lon="-7.363173">
			<ele>0.00</ele>
			<time>2026-01-13T22:00:36.13Z</time>
		</trkpt>
		<trkpt lat="40.503654" lon="-7.363456">
			<ele>0.00</ele>
			<time>2026-01-13T22:00:37.95Z</time>
		</trkpt>
		<trkpt lat="40.503631" lon="-7.363495">
			<ele>0.00</ele>
			<time>2026-01-13T22:00:38.20Z</time>
		</trkpt>
		<trkpt lat="40.503629" lon="-7.363506">
			<ele>0.00</ele>
			<time>2026-01-13T22:00:38.26Z</time>
		</trkpt>
		<trkpt lat="40.503600" lon="-7.363791">
			<ele>0.00</ele>
			<time>2026-01-13T22:00:39.72Z</time>
		</trkpt>
		<trkpt lat="40.503597" lon="-7.363802">
			<ele>0.00</ele>
			<time>2026-01-13T22:00:39.78Z</time>
		</trkpt>
		<trkpt lat="40.503540" lon="-7.364087">
			<ele>0.00</ele>
			<time>2026-01-13T22:00:41.27Z</time>
		</trkpt>
		<trkpt lat="40.503535" lon="-7.364109">
			<ele>0.00</ele>
			<time>2026-01-13T22:00:41.39Z</time>
		</trkpt>
		<trkpt lat="40.503446" lon="-7.364268">
			<ele>0.00</ele>
			<time>2026-01-13T22:00:42.39Z</time>
		</trkpt>
		<trkpt lat="40.503437" lon="-7.364288">
			<ele>0.00</ele>
			<time>2026-01-13T22:00:42.51Z</time>
		</trkpt>
		<trkpt lat="40.503354" lon="-7.364739">
			<ele>0.00</ele>
			<time>2026-01-13T22:00:44.86Z</time>
		</trkpt>
		<trkpt lat="40.503397" lon="-7.365325">
			<ele>0.00</ele>
			<time>2026-01-13T22:00:47.85Z</time>
		</trkpt>
		<trkpt lat="40.503305" lon="-7.366080">
			<ele>0.00</ele>
			<time>2026-01-13T22:00:51.72Z</time>
		</trkpt>
		<trkpt lat="40.503306" lon="-7.366104">
			<ele>0.00</ele>
			<time>2026-01-13T22:00:51.84Z</time>
		</trkpt>
		<trkpt lat="40.503306" lon="-7.366127">
			<ele>0.00</ele>
			<time>2026-01-13T22:00:51.96Z</time>
		</trkpt>
		<trkpt lat="40.503221" lon="-7.366680">
			<ele>0.00</ele>
			<time>2026-01-13T22:00:54.82Z</time>
		</trkpt>
		<trkpt lat="40.503218" lon="-7.366697">
			<ele>0.00</ele>
			<time>2026-01-13T22:00:54.91Z</time>
		</trkpt>
		<trkpt lat="40.503031" lon="-7.367229">
			<ele>0.00</ele>
			<time>2026-01-13T22:00:57.88Z</time>
		</trkpt>
		<trkpt lat="40.502936" lon="-7.367546">
			<ele>0.00</ele>
			<time>2026-01-13T22:00:59.61Z</time>
		</trkpt>
		<trkpt lat="40.502933" lon="-7.367562">
			<ele>0.00</ele>
			<time>2026-01-13T22:00:59.69Z</time>
		</trkpt>
		<trkpt lat="40.502732" lon="-7.367919">
			<ele>0.00</ele>
			<time>2026-01-13T22:01:01.94Z</time>
		</trkpt>
		<trkpt lat="40.502704" lon="-7.368308">
			<ele>0.00</ele>
			<time>2026-01-13T22:01:03.92Z</time>
		</trkpt>
		<trkpt lat="40.503330" lon="-7.368550">
			<ele>0.00</ele>
			<time>2026-01-13T22:01:08.28Z</time>
		</trkpt>
		<trkpt lat="40.503468" lon="-7.368524">
			<ele>0.00</ele>
			<time>2026-01-13T22:01:09.21Z</time>
		</trkpt>
		<trkpt lat="40.503632" lon="-7.368035">
			<ele>0.00</ele>
			<time>2026-01-13T22:01:11.92Z</time>
		</trkpt>
		<trkpt lat="40.503880" lon="-7.367615">
			<ele>0.00</ele>
			<time>2026-01-13T22:01:14.61Z</time>
		</trkpt>
		<trkpt lat="40.504113" lon="-7.367269">
			<ele>0.00</ele>
			<time>2026-01-13T22:01:16.96Z</time>
		</trkpt>
		<trkpt lat="40.504333" lon="-7.367143">
			<ele>0.00</ele>
			<time>2026-01-13T22:01:18.56Z</time>
		</trkpt>
		<trkpt lat="40.504600" lon="-7.366973">
			<ele>0.00</ele>
			<time>2026-01-13T22:01:20.53Z</time>
		</trkpt>
		<trkpt lat="40.504762" lon="-7.366665">
			<ele>0.00</ele>
			<time>2026-01-13T22:01:22.43Z</time>
		</trkpt>
		<trkpt lat="40.504728" lon="-7.366233">
			<ele>0.00</ele>
			<time>2026-01-13T22:01:24.63Z</time>
		</trkpt>
		<trkpt lat="40.504646" lon="-7.365897">
			<ele>0.00</ele>
			<time>2026-01-13T22:01:26.42Z</time>
		</trkpt>
		<trkpt lat="40.504588" lon="-7.365757">
			<ele>0.00</ele>
			<time>2026-01-13T22:01:27.23Z</time>
		</trkpt>
		<trkpt lat="40.504747" lon="-7.365746">
			<ele>0.00</ele>
			<time>2026-01-13T22:01:28.29Z</time>
		</trkpt>
		<trkpt lat="40.505155" lon="-7.365699">
			<ele>0.00</ele>
			<time>2026-01-13T22:01:31.03Z</time>
		</trkpt>
		<trkpt lat="40.505508" lon="-7.365747">
			<ele>0.00</ele>
			<time>2026-01-13T22:01:33.39Z</time>
		</trkpt>
		<trkpt lat="40.505750" lon="-7.365723">
			<ele>0.00</ele>
			<time>2026-01-13T22:01:35.01Z</time>
		</trkpt>
		<trkpt lat="40.506078" lon="-7.365545">
			<ele>0.00</ele>
			<time>2026-01-13T22:01:37.37Z</time>
		</trkpt>
		<trkpt lat="40.506326" lon="-7.365365">
			<ele>0.00</ele>
			<time>2026-01-13T22:01:39.26Z</time>
		</trkpt>
		<trkpt lat="40.506709" lon="-7.365572">
			<ele>0.00</ele>
			<time>2026-01-13T22:01:42.02Z</time>
		</trkpt>
		<trkpt lat="40.507047" lon="-7.365713">
			<ele>0.00</ele>
			<time>2026-01-13T22:01:44.38Z</time>
		</trkpt>
		<trkpt lat="40.507423" lon="-7.365500">
			<ele>0.00</ele>
			<time>2026-01-13T22:01:47.12Z</time>
		</trkpt>
		<trkpt lat="40.507615" lon="-7.365382">
			<ele>0.00</ele>
			<time>2026-01-13T22:01:48.53Z</time>
		</trkpt>
		<trkpt lat="40.507709" lon="-7.365671">
			<ele>0.00</ele>
			<time>2026-01-13T22:01:50.12Z</time>
		</trkpt>
		<trkpt lat="40.507700" lon="-7.365840">
			<ele>0.00</ele>
			<time>2026-01-13T22:01:50.98Z</time>
		</trkpt>
		<trkpt lat="40.507567" lon="-7.366312">
			<ele>0.00</ele>
			<time>2026-01-13T22:01:53.53Z</time>
		</trkpt>
		<trkpt lat="40.507383" lon="-7.366909">
			<ele>0.00</ele>
			<time>2026-01-13T22:01:56.80Z</time>
		</trkpt>
		<trkpt lat="40.507380" lon="-7.366926">
			<ele>0.00</ele>
			<time>2026-01-13T22:01:56.89Z</time>
		</trkpt>
		<trkpt lat="40.507355" lon="-7.366962">
			<ele>0.00</ele>
			<time>2026-01-13T22:01:57.13Z</time>
		</trkpt>
		<trkpt lat="40.507111" lon="-7.367542">
			<ele>0.00</ele>
			<time>2026-01-13T22:02:00.49Z</time>
		</trkpt>
		<trkpt lat="40.507096" lon="-7.367588">
			<ele>0.00</ele>
			<time>2026-01-13T22:02:00.75Z</time>
		</trkpt>
		<trkpt lat="40.507095" lon="-7.367596">
			<ele>0.00</ele>
			<time>2026-01-13T22:02:00.81Z</time>
		</trkpt>
		<trkpt lat="40.506725" lon="-7.368238">
			<ele>0.00</ele>
			<time>2026-01-13T22:02:04.89Z</time>
		</trkpt>
		<trkpt lat="40.506123" lon="-7.369366">
			<ele>0.00</ele>
			<time>2026-01-13T22:02:11.87Z</time>
		</trkpt>
		<trkpt lat="40.505906" lon="-7.369786">
			<ele>0.00</ele>
			<time>2026-01-13T22:02:14.45Z</time>
		</trkpt>
		<trkpt lat="40.505577" lon="-7.370478">
			<ele>0.00</ele>
			<time>2026-01-13T22:02:18.61Z</time>
		</trkpt>
		<trkpt lat="40.505492" lon="-7.370618">
			<ele>0.00</ele>
			<time>2026-01-13T22:02:18.67Z</time>
		</trkpt>
		<trkpt lat="40.505277" lon="-7.371036">
			<ele>0.00</ele>
			<time>2026-01-13T22:02:22.02Z</time>
		</trkpt>
		<trkpt lat="40.505201" lon="-7.371159">
			<ele>0.00</ele>
			<time>2026-01-13T22:02:22.14Z</time>
		</trkpt>
		<trkpt lat="40.505003" lon="-7.371678">
			<ele>0.00</ele>
			<time>2026-01-13T22:02:25.85Z</time>
		</trkpt>
		<trkpt lat="40.504768" lon="-7.371873">
			<ele>0.00</ele>
			<time>2026-01-13T22:02:27.84Z</time>
		</trkpt>
		<trkpt lat="40.504674" lon="-7.372159">
			<ele>0.00</ele>
			<time>2026-01-13T22:02:29.43Z</time>
		</trkpt>
		<trkpt lat="40.504673" lon="-7.372734">
			<ele>0.00</ele>
			<time>2026-01-13T22:02:32.34Z</time>
		</trkpt>
		<trkpt lat="40.504702" lon="-7.373035">
			<ele>0.00</ele>
			<time>2026-01-13T22:02:33.88Z</time>
		</trkpt>
		<trkpt lat="40.504699" lon="-7.373058">
			<ele>0.00</ele>
			<time>2026-01-13T22:02:34Z</time>
		</trkpt>
		<trkpt lat="40.504699" lon="-7.373170">
			<ele>0.00</ele>
			<time>2026-01-13T22:02:34.27Z</time>
		</trkpt>
		<trkpt lat="40.504647" lon="-7.373272">
			<ele>0.00</ele>
			<time>2026-01-13T22:02:34.97Z</time>
		</trkpt>
		<trkpt lat="40.504720" lon="-7.373321">
			<ele>0.00</ele>
			<time>2026-01-13T22:02:35.13Z</time>
		</trkpt>
		<trkpt lat="40.504908" lon="-7.373404">
			<ele>0.00</ele>
			<time>2026-01-13T22:02:36.63Z</time>
		</trkpt>
		<trkpt lat="40.505122" lon="-7.373615">
			<ele>0.00</ele>
			<time>2026-01-13T22:02:38.14Z</time>
		</trkpt>
		<trkpt lat="40.505193" lon="-7.373597">
			<ele>0.00</ele>
			<time>2026-01-13T22:02:38.51Z</time>
		</trkpt>
		<trkpt lat="40.505242" lon="-7.373442">
			<ele>0.00</ele>
			<time>2026-01-13T22:02:39.40Z</time>
		</trkpt>
		<trkpt lat="40.505190" lon="-7.373042">
			<ele>0.00</ele>
			<time>2026-01-13T22:02:40.56Z</time>
		</trkpt>
		<trkpt lat="40.505162" lon="-7.372851">
			<ele>0.00</ele>
			<time>2026-01-13T22:02:42.58Z</time>
		</trkpt>
		<trkpt lat="40.505209" lon="-7.372694">
			<ele>0.00</ele>
			<time>2026-01-13T22:02:43.71Z</time>
		</trkpt>
		<trkpt lat="40.505417" lon="-7.372602">
			<ele>0.00</ele>
			<time>2026-01-13T22:02:44.29Z</time>
		</trkpt>
		<trkpt lat="40.505500" lon="-7.372501">
			<ele>0.00</ele>
			<time>2026-01-13T22:02:44.52Z</time>
		</trkpt>
		<trkpt lat="40.505698" lon="-7.372284">
			<ele>0.00</ele>
			<time>2026-01-13T22:02:44.71Z</time>
		</trkpt>
		<trkpt lat="40.506068" lon="-7.371892">
			<ele>0.00</ele>
			<time>2026-01-13T22:02:46.06Z</time>
		</trkpt>
		<trkpt lat="40.506384" lon="-7.371716">
			<ele>0.00</ele>
			<time>2026-01-13T22:02:46.90Z</time>
		</trkpt>
		<trkpt lat="40.506478" lon="-7.371630">
			<ele>0.00</ele>
			<time>2026-01-13T22:02:49.55Z</time>
		</trkpt>
		<trkpt lat="40.506562" lon="-7.371394">
			<ele>0.00</ele>
			<time>2026-01-13T22:02:49.61Z</time>
		</trkpt>
		<trkpt lat="40.506550" lon="-7.371143">
			<ele>0.00</ele>
			<time>2026-01-13T22:02:49.65Z</time>
		</trkpt>
		<trkpt lat="40.506548" lon="-7.370973">
			<ele>0.00</ele>
			<time>2026-01-13T22:02:50.53Z</time>
		</trkpt>
		<trkpt lat="40.506595" lon="-7.370721">
			<ele>0.00</ele>
			<time>2026-01-13T22:02:52.13Z</time>
		</trkpt>
		<trkpt lat="40.506797" lon="-7.370518">
			<ele>0.00</ele>
			<time>2026-01-13T22:02:52.36Z</time>
		</trkpt>
		<trkpt lat="40.506981" lon="-7.370267">
			<ele>0.00</ele>
			<time>2026-01-13T22:02:53.44Z</time>
		</trkpt>
		<trkpt lat="40.507190" lon="-7.370038">
			<ele>0.00</ele>
			<time>2026-01-13T22:02:54.55Z</time>
		</trkpt>
		<trkpt lat="40.507352" lon="-7.370028">
			<ele>0.00</ele>
			<time>2026-01-13T22:02:55.69Z</time>
		</trkpt>
		<trkpt lat="40.507081" lon="-7.370396">
			<ele>0.00</ele>
			<time>2026-01-13T22:02:58.91Z</time>
		</trkpt>
		<trkpt lat="40.506883" lon="-7.370867">
			<ele>0.00</ele>
			<time>2026-01-13T22:02:59.48Z</time>
		</trkpt>
		<trkpt lat="40.506902" lon="-7.371436">
			<ele>0.00</ele>
			<time>2026-01-13T22:02:59.96Z</time>
		</trkpt>
		<trkpt lat="40.506972" lon="-7.371746">
			<ele>0.00</ele>
			<time>2026-01-13T22:03:00.29Z</time>
		</trkpt>
		<trkpt lat="40.506972" lon="-7.372018">
			<ele>0.00</ele>
			<time>2026-01-13T22:03:00.62Z</time>
		</trkpt>
		<trkpt lat="40.506784" lon="-7.372656">
			<ele>0.00</ele>
			<time>2026-01-13T22:03:00.91Z</time>
		</trkpt>
		<trkpt lat="40.506775" lon="-7.372903">
			<ele>0.00</ele>
			<time>2026-01-13T22:03:01.21Z</time>
		</trkpt>
		<trkpt lat="40.506991" lon="-7.373392">
			<ele>0.00</ele>
			<time>2026-01-13T22:03:01.43Z</time>
		</trkpt>
		<trkpt lat="40.507095" lon="-7.373887">
			<ele>0.00</ele>
			<time>2026-01-13T22:03:01.67Z</time>
		</trkpt>
		<trkpt lat="40.507288" lon="-7.374828">
			<ele>0.00</ele>
			<time>2026-01-13T22:03:02.17Z</time>
		</trkpt>
		<trkpt lat="40.507495" lon="-7.375330">
			<ele>0.00</ele>
			<time>2026-01-13T22:03:02.50Z</time>
		</trkpt>
		<trkpt lat="40.507631" lon="-7.375679">
			<ele>0.00</ele>
			<time>2026-01-13T22:03:02.73Z</time>
		</trkpt>
		<trkpt lat="40.507930" lon="-7.376045">
			<ele>0.00</ele>
			<time>2026-01-13T22:03:03.12Z</time>
		</trkpt>
		<trkpt lat="40.508664" lon="-7.376381">
			<ele>0.00</ele>
			<time>2026-01-13T22:03:08.32Z</time>
		</trkpt>
		<trkpt lat="40.509149" lon="-7.376637">
			<ele>0.00</ele>
			<time>2026-01-13T22:03:11.80Z</time>
		</trkpt>
		<trkpt lat="40.509417" lon="-7.376999">
			<ele>0.00</ele>
			<time>2026-01-13T22:03:14.36Z</time>
		</trkpt>
		<trkpt lat="40.509541" lon="-7.377531">
			<ele>0.00</ele>
			<time>2026-01-13T22:03:17.18Z</time>
		</trkpt>
		<trkpt lat="40.509270" lon="-7.377984">
			<ele>0.00</ele>
			<time>2026-01-13T22:03:20.10Z</time>
		</trkpt>
		<trkpt lat="40.509269" lon="-7.377996">
			<ele>0.00</ele>
			<time>2026-01-13T22:03:20.16Z</time>
		</trkpt>
		<trkpt lat="40.508785" lon="-7.378371">
			<ele>0.00</ele>
			<time>2026-01-13T22:03:23.91Z</time>
		</trkpt>
		<trkpt lat="40.508310" lon="-7.378358">
			<ele>0.00</ele>
			<time>2026-01-13T22:03:27.08Z</time>
		</trkpt>
		<trkpt lat="40.507598" lon="-7.378173">
			<ele>0.00</ele>
			<time>2026-01-13T22:03:31.91Z</time>
		</trkpt>
		<trkpt lat="40.507082" lon="-7.377968">
			<ele>0.00</ele>
			<time>2026-01-13T22:03:35.51Z</time>
		</trkpt>
		<trkpt lat="40.507040" lon="-7.377962">
			<ele>0.00</ele>
			<time>2026-01-13T22:03:35.79Z</time>
		</trkpt>
		<trkpt lat="40.506738" lon="-7.377913">
			<ele>0.00</ele>
			<time>2026-01-13T22:03:37.82Z</time>
		</trkpt>
		<trkpt lat="40.506379" lon="-7.377996">
			<ele>0.00</ele>
			<time>2026-01-13T22:03:40.25Z</time>
		</trkpt>
		<trkpt lat="40.506354" lon="-7.378017">
			<ele>0.00</ele>
			<time>2026-01-13T22:03:40.45Z</time>
		</trkpt>
		<trkpt lat="40.505939" lon="-7.378296">
			<ele>0.00</ele>
			<time>2026-01-13T22:03:43.55Z</time>
		</trkpt>
		<trkpt lat="40.505618" lon="-7.378565">
			<ele>0.00</ele>
			<time>2026-01-13T22:03:46.09Z</time>
		</trkpt>
		<trkpt lat="40.505367" lon="-7.378962">
			<ele>0.00</ele>
			<time>2026-01-13T22:03:48.71Z</time>
		</trkpt>
		<trkpt lat="40.505338" lon="-7.379018">
			<ele>0.00</ele>
			<time>2026-01-13T22:03:49.05Z</time>
		</trkpt>
		<trkpt lat="40.505210" lon="-7.379356">
			<ele>0.00</ele>
			<time>2026-01-13T22:03:50.97Z</time>
		</trkpt>
		<trkpt lat="40.505277" lon="-7.379877">
			<ele>0.00</ele>
			<time>2026-01-13T22:03:53.65Z</time>
		</trkpt>
		<trkpt lat="40.505467" lon="-7.380288">
			<ele>0.00</ele>
			<time>2026-01-13T22:03:56.09Z</time>
		</trkpt>
		<trkpt lat="40.505810" lon="-7.380995">
			<ele>0.00</ele>
			<time>2026-01-13T22:04:00.33Z</time>
		</trkpt>
		<trkpt lat="40.506076" lon="-7.381513">
			<ele>0.00</ele>
			<time>2026-01-13T22:04:03.50Z</time>
		</trkpt>
		<trkpt lat="40.506295" lon="-7.381705">
			<ele>0.00</ele>
			<time>2026-01-13T22:04:05.26Z</time>
		</trkpt>
		<trkpt lat="40.506650" lon="-7.381613">
			<ele>0.00</ele>
			<time>2026-01-13T22:04:07.67Z</time>
		</trkpt>
		<trkpt lat="40.507039" lon="-7.381451">
			<ele>0.00</ele>
			<time>2026-01-13T22:04:10.39Z</time>
		</trkpt>
		<trkpt lat="40.507348" lon="-7.381396">
			<ele>0.00</ele>
			<time>2026-01-13T22:04:12.47Z</time>
		</trkpt>
		<trkpt lat="40.507526" lon="-7.382048">
			<ele>0.00</ele>
			<time>2026-01-13T22:04:15.98Z</time>
		</trkpt>
		<trkpt lat="40.507558" lon="-7.382527">
			<ele>0.00</ele>
			<time>2026-01-13T22:04:19.02Z</time>
		</trkpt>
		<trkpt lat="40.507603" lon="-7.383458">
			<ele>0.00</ele>
			<time>2026-01-13T22:04:23.17Z</time>
		</trkpt>
		<trkpt lat="40.507603" lon="-7.383466">
			<ele>0.00</ele>
			<time>2026-01-13T22:04:23.23Z</time>
		</trkpt>
		<trkpt lat="40.507617" lon="-7.384351">
			<ele>0.00</ele>
			<time>2026-01-13T22:04:27.72Z</time>
		</trkpt>
		<trkpt lat="40.507618" lon="-7.384393">
			<ele>0.00</ele>
			<time>2026-01-13T22:04:27.93Z</time>
		</trkpt>
		<trkpt lat="40.507717" lon="-7.384710">
			<ele>0.00</ele>
			<time>2026-01-13T22:04:29.67Z</time>
		</trkpt>
		<trkpt lat="40.507716" lon="-7.384718">
			<ele>0.00</ele>
			<time>2026-01-13T22:04:29.73Z</time>
		</trkpt>
		<trkpt lat="40.507748" lon="-7.384969">
			<ele>0.00</ele>
			<time>2026-01-13T22:04:31.02Z</time>
		</trkpt>
		<trkpt lat="40.507376" lon="-7.385446">
			<ele>0.00</ele>
			<time>2026-01-13T22:04:34.48Z</time>
		</trkpt>
		<trkpt lat="40.506987" lon="-7.385973">
			<ele>0.00</ele>
			<time>2026-01-13T22:04:38.20Z</time>
		</trkpt>
		<trkpt lat="40.506985" lon="-7.385980">
			<ele>0.00</ele>
			<time>2026-01-13T22:04:38.26Z</time>
		</trkpt>
		<trkpt lat="40.506694" lon="-7.386637">
			<ele>0.00</ele>
			<time>2026-01-13T22:04:42.12Z</time>
		</trkpt>
		<trkpt lat="40.506739" lon="-7.387333">
			<ele>0.00</ele>
			<time>2026-01-13T22:04:45.66Z</time>
		</trkpt>
		<trkpt lat="40.506716" lon="-7.387992">
			<ele>0.00</ele>
			<time>2026-01-13T22:04:49Z</time>
		</trkpt>
		<trkpt lat="40.506765" lon="-7.388443">
			<ele>0.00</ele>
			<time>2026-01-13T22:04:51.31Z</time>
		</trkpt>
		<trkpt lat="40.506772" lon="-7.388584">
			<ele>0.00</ele>
			<time>2026-01-13T22:04:52.03Z</time>
		</trkpt>
		<trkpt lat="40.506769" lon="-7.388591">
			<ele>0.00</ele>
			<time>2026-01-13T22:04:52.09Z</time>
		</trkpt>
		<trkpt lat="40.506593" lon="-7.388675">
			<ele>0.00</ele>
			<time>2026-01-13T22:04:53.34Z</time>
		</trkpt>
		<trkpt lat="40.506582" lon="-7.388677">
			<ele>0.00</ele>
			<time>2026-01-13T22:04:53.41Z</time>
		</trkpt>
		<trkpt lat="40.506316" lon="-7.388660">
			<ele>0.00</ele>
			<time>2026-01-13T22:04:55.18Z</time>
		</trkpt>
		<trkpt lat="40.506117" lon="-7.388608">
			<ele>0.00</ele>
			<time>2026-01-13T22:04:56.54Z</time>
		</trkpt>
		<trkpt lat="40.506101" lon="-7.388606">
			<ele>0.00</ele>
			<time>2026-01-13T22:04:56.64Z</time>
		</trkpt>
		<trkpt lat="40.505943" lon="-7.388471">
			<ele>0.00</ele>
			<time>2026-01-13T22:04:57.90Z</time>
		</trkpt>
		<trkpt lat="40.505863" lon="-7.388315">
			<ele>0.00</ele>
			<time>2026-01-13T22:04:58.86Z</time>
		</trkpt>
		<trkpt lat="40.505749" lon="-7.388375">
			<ele>0.00</ele>
			<time>2026-01-13T22:04:59.68Z</time>
		</trkpt>
		<trkpt lat="40.505692" lon="-7.388473">
			<ele>0.00</ele>
			<time>2026-01-13T22:05:00.30Z</time>
		</trkpt>
		<trkpt lat="40.505670" lon="-7.388597">
			<ele>0.00</ele>
			<time>2026-01-13T22:05:00.95Z</time>
		</trkpt>
		<trkpt lat="40.505778" lon="-7.388780">
			<ele>0.00</ele>
			<time>2026-01-13T22:05:02.12Z</time>
		</trkpt>
		<trkpt lat="40.505810" lon="-7.388902">
			<ele>0.00</ele>
			<time>2026-01-13T22:05:02.78Z</time>
		</trkpt>
		<trkpt lat="40.505820" lon="-7.389019">
			<ele>0.00</ele>
			<time>2026-01-13T22:05:03.37Z</time>
		</trkpt>
		<trkpt lat="40.505485" lon="-7.389054">
			<ele>0.00</ele>
			<time>2026-01-13T22:05:05.61Z</time>
		</trkpt>
		<trkpt lat="40.505022" lon="-7.389354">
			<ele>0.00</ele>
			<time>2026-01-13T22:05:09.05Z</time>
		</trkpt>
		<trkpt lat="40.504374" lon="-7.389755">
			<ele>0.00</ele>
			<time>2026-01-13T22:05:13.83Z</time>
		</trkpt>
		<trkpt lat="40.504270" lon="-7.389899">
			<ele>0.00</ele>
			<time>2026-01-13T22:05:14.83Z</time>
		</trkpt>
		<trkpt lat="40.504277" lon="-7.390078">
			<ele>0.00</ele>
			<time>2026-01-13T22:05:15.74Z</time>
		</trkpt>
		<trkpt lat="40.504338" lon="-7.390182">
			<ele>0.00</ele>
			<time>2026-01-13T22:05:16.41Z</time>
		</trkpt>
		<trkpt lat="40.504478" lon="-7.390199">
			<ele>0.00</ele>
			<time>2026-01-13T22:05:17.35Z</time>
		</trkpt>
		<trkpt lat="40.505194" lon="-7.390097">
			<ele>0.00</ele>
			<time>2026-01-13T22:05:22.15Z</time>
		</trkpt>
		<trkpt lat="40.505525" lon="-7.390116">
			<ele>0.00</ele>
			<time>2026-01-13T22:05:24.36Z</time>
		</trkpt>
		<trkpt lat="40.505792" lon="-7.390245">
			<ele>0.00</ele>
			<time>2026-01-13T22:05:26.25Z</time>
		</trkpt>
		<trkpt lat="40.505971" lon="-7.390397">
			<ele>0.00</ele>
			<time>2026-01-13T22:05:27.67Z</time>
		</trkpt>
		<trkpt lat="40.506361" lon="-7.390474">
			<ele>0.00</ele>
			<time>2026-01-13T22:05:30.30Z</time>
		</trkpt>
		<trkpt lat="40.506704" lon="-7.390522">
			<ele>0.00</ele>
			<time>2026-01-13T22:05:32.60Z</time>
		</trkpt>
		<trkpt lat="40.506938" lon="-7.390656">
			<ele>0.00</ele>
			<time>2026-01-13T22:05:34.30Z</time>
		</trkpt>
		<trkpt lat="40.506911" lon="-7.390931">
			<ele>0.00</ele>
			<time>2026-01-13T22:05:35.71Z</time>
		</trkpt>
		<trkpt lat="40.506825" lon="-7.391147">
			<ele>0.00</ele>
			<time>2026-01-13T22:05:36.94Z</time>
		</trkpt>
		<trkpt lat="40.506626" lon="-7.391267">
			<ele>0.00</ele>
			<time>2026-01-13T22:05:38.40Z</time>
		</trkpt>
		<trkpt lat="40.506354" lon="-7.391379">
			<ele>0.00</ele>
			<time>2026-01-13T22:05:40.30Z</time>
		</trkpt>
		<trkpt lat="40.506379" lon="-7.391527">
			<ele>0.00</ele>
			<time>2026-01-13T22:05:41.07Z</time>
		</trkpt>
		<trkpt lat="40.506516" lon="-7.391662">
			<ele>0.00</ele>
			<time>2026-01-13T22:05:42.21Z</time>
		</trkpt>
		<trkpt lat="40.506774" lon="-7.391856">
			<ele>0.00</ele>
			<time>2026-01-13T22:05:44.19Z</time>
		</trkpt>
		<trkpt lat="40.506872" lon="-7.392235">
			<ele>0.00</ele>
			<time>2026-01-13T22:05:46.22Z</time>
		</trkpt>
		<trkpt lat="40.507039" lon="-7.392716">
			<ele>0.00</ele>
			<time>2026-01-13T22:05:48.90Z</time>
		</trkpt>
		<trkpt lat="40.507124" lon="-7.392948">
			<ele>0.00</ele>
			<time>2026-01-13T22:05:50.21Z</time>
		</trkpt>
		<trkpt lat="40.506629" lon="-7.393065">
			<ele>0.00</ele>
			<time>2026-01-13T22:05:53.56Z</time>
		</trkpt>
		<trkpt lat="40.506190" lon="-7.393182">
			<ele>0.00</ele>
			<time>2026-01-13T22:05:56.55Z</time>
		</trkpt>
		<trkpt lat="40.506174" lon="-7.393181">
			<ele>0.00</ele>
			<time>2026-01-13T22:05:56.65Z</time>
		</trkpt>
		<trkpt lat="40.505892" lon="-7.393435">
			<ele>0.00</ele>
			<time>2026-01-13T22:05:58.93Z</time>
		</trkpt>
		<trkpt lat="40.505888" lon="-7.393451">
			<ele>0.00</ele>
			<time>2026-01-13T22:05:59.02Z</time>
		</trkpt>
		<trkpt lat="40.505675" lon="-7.393625">
			<ele>0.00</ele>
			<time>2026-01-13T22:06:00.69Z</time>
		</trkpt>
		<trkpt lat="40.505412" lon="-7.393715">
			<ele>0.00</ele>
			<time>2026-01-13T22:06:02.50Z</time>
		</trkpt>
		<trkpt lat="40.505340" lon="-7.393830">
			<ele>0.00</ele>
			<time>2026-01-13T22:06:03.26Z</time>
		</trkpt>
		<trkpt lat="40.505037" lon="-7.394330">
			<ele>0.00</ele>
			<time>2026-01-13T22:06:06.50Z</time>
		</trkpt>
		<trkpt lat="40.504885" lon="-7.394840">
			<ele>0.00</ele>
			<time>2026-01-13T22:06:09.28Z</time>
		</trkpt>
		<trkpt lat="40.504796" lon="-7.395258">
			<ele>0.00</ele>
			<time>2026-01-13T22:06:11.48Z</time>
		</trkpt>
		<trkpt lat="40.504840" lon="-7.395508">
			<ele>0.00</ele>
			<time>2026-01-13T22:06:12.77Z</time>
		</trkpt>
		<trkpt lat="40.504947" lon="-7.395764">
			<ele>0.00</ele>
			<time>2026-01-13T22:06:14.26Z</time>
		</trkpt>
		<trkpt lat="40.505053" lon="-7.395994">
			<ele>0.00</ele>
			<time>2026-01-13T22:06:15.62Z</time>
		</trkpt>
		<trkpt lat="40.505052" lon="-7.395999">
			<ele>0.00</ele>
			<time>2026-01-13T22:06:15.68Z</time>
		</trkpt>
		<trkpt lat="40.504856" lon="-7.396239">
			<ele>0.00</ele>
			<time>2026-01-13T22:06:17.47Z</time>
		</trkpt>
		<trkpt lat="40.504753" lon="-7.396294">
			<ele>0.00</ele>
			<time>2026-01-13T22:06:18.20Z</time>
		</trkpt>
		<trkpt lat="40.504605" lon="-7.396271">
			<ele>0.00</ele>
			<time>2026-01-13T22:06:19.20Z</time>
		</trkpt>
		<trkpt lat="40.504362" lon="-7.396268">
			<ele>0.00</ele>
			<time>2026-01-13T22:06:20.82Z</time>
		</trkpt>
		<trkpt lat="40.504185" lon="-7.396300">
			<ele>0.00</ele>
			<time>2026-01-13T22:06:22.01Z</time>
		</trkpt>
		<trkpt lat="40.504000" lon="-7.396335">
			<ele>0.00</ele>
			<time>2026-01-13T22:06:23.26Z</time>
		</trkpt>
		<trkpt lat="40.503932" lon="-7.396384">
			<ele>0.00</ele>
			<time>2026-01-13T22:06:23.78Z</time>
		</trkpt>
		<trkpt lat="40.503811" lon="-7.396672">
			<ele>0.00</ele>
			<time>2026-01-13T22:06:25.44Z</time>
		</trkpt>
		<trkpt lat="40.503706" lon="-7.396858">
			<ele>0.00</ele>
			<time>2026-01-13T22:06:26.62Z</time>
		</trkpt>
		<trkpt lat="40.503705" lon="-7.396862">
			<ele>0.00</ele>
			<time>2026-01-13T22:06:26.68Z</time>
		</trkpt>
		<trkpt lat="40.503409" lon="-7.397148">
			<ele>0.00</ele>
			<time>2026-01-13T22:06:29.12Z</time>
		</trkpt>
		<trkpt lat="40.503163" lon="-7.397292">
			<ele>0.00</ele>
			<time>2026-01-13T22:06:30.92Z</time>
		</trkpt>
		<trkpt lat="40.502852" lon="-7.397460">
			<ele>0.00</ele>
			<time>2026-01-13T22:06:33.16Z</time>
		</trkpt>
		<trkpt lat="40.502693" lon="-7.397662">
			<ele>0.00</ele>
			<time>2026-01-13T22:06:34.63Z</time>
		</trkpt>
		<trkpt lat="40.502434" lon="-7.398020">
			<ele>0.00</ele>
			<time>2026-01-13T22:06:37.14Z</time>
		</trkpt>
		<trkpt lat="40.502356" lon="-7.398316">
			<ele>0.00</ele>
			<time>2026-01-13T22:06:38.73Z</time>
		</trkpt>
		<trkpt lat="40.502340" lon="-7.398487">
			<ele>0.00</ele>
			<time>2026-01-13T22:06:39.60Z</time>
		</trkpt>
		<trkpt lat="40.502279" lon="-7.398654">
			<ele>0.00</ele>
			<time>2026-01-13T22:06:40.54Z</time>
		</trkpt>
		<trkpt lat="40.501453" lon="-7.398242">
			<ele>0.00</ele>
			<time>2026-01-13T22:06:46.43Z</time>
		</trkpt>
		<trkpt lat="40.501355" lon="-7.398281">
			<ele>0.00</ele>
			<time>2026-01-13T22:06:47.11Z</time>
		</trkpt>
		<trkpt lat="40.501499" lon="-7.398945">
			<ele>0.00</ele>
			<time>2026-01-13T22:06:50.61Z</time>
		</trkpt>
		<trkpt lat="40.501570" lon="-7.399418">
			<ele>0.00</ele>
			<time>2026-01-13T22:06:53.06Z</time>
		</trkpt>
		<trkpt lat="40.501824" lon="-7.399976">
			<ele>0.00</ele>
			<time>2026-01-13T22:06:56.36Z</time>
		</trkpt>
		<trkpt lat="40.501996" lon="-7.400321">
			<ele>0.00</ele>
			<time>2026-01-13T22:06:58.45Z</time>
		</trkpt>
		<trkpt lat="40.502568" lon="-7.401107">
			<ele>0.00</ele>
			<time>2026-01-13T22:07:03.96Z</time>
		</trkpt>
		<trkpt lat="40.502728" lon="-7.401287">
			<ele>0.00</ele>
			<time>2026-01-13T22:07:05.37Z</time>
		</trkpt>
		<trkpt lat="40.502539" lon="-7.401502">
			<ele>0.00</ele>
			<time>2026-01-13T22:07:07.03Z</time>
		</trkpt>
		<trkpt lat="40.502086" lon="-7.401529">
			<ele>0.00</ele>
			<time>2026-01-13T22:07:10.06Z</time>
		</trkpt>
		<trkpt lat="40.501866" lon="-7.401580">
			<ele>0.00</ele>
			<time>2026-01-13T22:07:11.55Z</time>
		</trkpt>
		<trkpt lat="40.501802" lon="-7.401933">
			<ele>0.00</ele>
			<time>2026-01-13T22:07:13.39Z</time>
		</trkpt>
		<trkpt lat="40.501893" lon="-7.402296">
			<ele>0.00</ele>
			<time>2026-01-13T22:07:15.32Z</time>
		</trkpt>
		<trkpt lat="40.501920" lon="-7.402521">
			<ele>0.00</ele>
			<time>2026-01-13T22:07:16.48Z</time>
		</trkpt>
		<trkpt lat="40.501746" lon="-7.402830">
			<ele>0.00</ele>
			<time>2026-01-13T22:07:18.42Z</time>
		</trkpt>
		<trkpt lat="40.501465" lon="-7.403253">
			<ele>0.00</ele>
			<time>2026-01-13T22:07:21.27Z</time>
		</trkpt>
		<trkpt lat="40.501281" lon="-7.403356">
			<ele>0.00</ele>
			<time>2026-01-13T22:07:22.60Z</time>
		</trkpt>
		<trkpt lat="40.500990" lon="-7.403409">
			<ele>0.00</ele>
			<time>2026-01-13T22:07:24.56Z</time>
		</trkpt>
		<trkpt lat="40.500714" lon="-7.403540">
			<ele>0.00</ele>
			<time>2026-01-13T22:07:26.52Z</time>
		</trkpt>
		<trkpt lat="40.500527" lon="-7.403747">
			<ele>0.00</ele>
			<time>2026-01-13T22:07:28.15Z</time>
		</trkpt>
		<trkpt lat="40.500509" lon="-7.403766">
			<ele>0.00</ele>
			<time>2026-01-13T22:07:28.30Z</time>
		</trkpt>
		<trkpt lat="40.500742" lon="-7.404164">
			<ele>0.00</ele>
			<time>2026-01-13T22:07:30.85Z</time>
		</trkpt>
		<trkpt lat="40.501246" lon="-7.404776">
			<ele>0.00</ele>
			<time>2026-01-13T22:07:35.42Z</time>
		</trkpt>
		<trkpt lat="40.501265" lon="-7.404787">
			<ele>0.00</ele>
			<time>2026-01-13T22:07:35.56Z</time>
		</trkpt>
		<trkpt lat="40.501769" lon="-7.405366">
			<ele>0.00</ele>
			<time>2026-01-13T22:07:40.02Z</time>
		</trkpt>
		<trkpt lat="40.501951" lon="-7.405493">
			<ele>0.00</ele>
			<time>2026-01-13T22:07:41.39Z</time>
		</trkpt>
		<trkpt lat="40.502568" lon="-7.405534">
			<ele>0.00</ele>
			<time>2026-01-13T22:07:45.52Z</time>
		</trkpt>
		<trkpt lat="40.503396" lon="-7.405437">
			<ele>0.00</ele>
			<time>2026-01-13T22:07:51.06Z</time>
		</trkpt>
		<trkpt lat="40.503739" lon="-7.405402">
			<ele>0.00</ele>
			<time>2026-01-13T22:07:53.35Z</time>
		</trkpt>
		<trkpt lat="40.504713" lon="-7.406587">
			<ele>0.00</ele>
			<time>2026-01-13T22:08:02.19Z</time>
		</trkpt>
		<trkpt lat="40.505362" lon="-7.407340">
			<ele>0.00</ele>
			<time>2026-01-13T22:08:07.96Z</time>
		</trkpt>
		<trkpt lat="40.505589" lon="-7.407776">
			<ele>0.00</ele>
			<time>2026-01-13T22:08:10.64Z</time>
		</trkpt>
		<trkpt lat="40.505959" lon="-7.408504">
			<ele>0.00</ele>
			<time>2026-01-13T22:08:15.08Z</time>
		</trkpt>
		<trkpt lat="40.506251" lon="-7.408989">
			<ele>0.00</ele>
			<time>2026-01-13T22:08:18.22Z</time>
		</trkpt>
		<trkpt lat="40.506694" lon="-7.409138">
			<ele>0.00</ele>
			<time>2026-01-13T22:08:21.26Z</time>
		</trkpt>
		<trkpt lat="40.507380" lon="-7.409296">
			<ele>0.00</ele>
			<time>2026-01-13T22:08:25.91Z</time>
		</trkpt>
		<trkpt lat="40.508149" lon="-7.409383">
			<ele>0.00</ele>
			<time>2026-01-13T22:08:31.06Z</time>
		</trkpt>
		<trkpt lat="40.508918" lon="-7.409228">
			<ele>0.00</ele>
			<time>2026-01-13T22:08:36.24Z</time>
		</trkpt>
		<trkpt lat="40.509735" lon="-7.408887">
			<ele>0.00</ele>
			<time>2026-01-13T22:08:41.96Z</time>
		</trkpt>
		<trkpt lat="40.510432" lon="-7.409305">
			<ele>0.00</ele>
			<time>2026-01-13T22:08:47.06Z</time>
		</trkpt>
		<trkpt lat="40.511206" lon="-7.409824">
			<ele>0.00</ele>
			<time>2026-01-13T22:08:52.85Z</time>
		</trkpt>
		<trkpt lat="40.511397" lon="-7.409918">
			<ele>0.00</ele>
			<time>2026-01-13T22:08:54.21Z</time>
		</trkpt>
		<trkpt lat="40.512502" lon="-7.409640">
			<ele>0.00</ele>
			<time>2026-01-13T22:09:01.72Z</time>
		</trkpt>
		<trkpt lat="40.513186" lon="-7.409545">
			<ele>0.00</ele>
			<time>2026-01-13T22:09:06.30Z</time>
		</trkpt>
		<trkpt lat="40.514113" lon="-7.409286">
			<ele>0.00</ele>
			<time>2026-01-13T22:09:12.62Z</time>
		</trkpt>
		<trkpt lat="40.514396" lon="-7.409282">
			<ele>0.00</ele>
			<time>2026-01-13T22:09:18.40Z</time>
		</trkpt>
		<trkpt lat="40.514741" lon="-7.409089">
			<ele>0.00</ele>
			<time>2026-01-13T22:09:19.18Z</time>
		</trkpt>
		<trkpt lat="40.514981" lon="-7.408883">
			<ele>0.00</ele>
			<time>2026-01-13T22:09:20.23Z</time>
		</trkpt>
		<trkpt lat="40.514843" lon="-7.408410">
			<ele>0.00</ele>
			<time>2026-01-13T22:09:21.97Z</time>
		</trkpt>
		<trkpt lat="40.514749" lon="-7.408103">
			<ele>0.00</ele>
			<time>2026-01-13T22:09:23.62Z</time>
		</trkpt>
		<trkpt lat="40.514660" lon="-7.407866">
			<ele>0.00</ele>
			<time>2026-01-13T22:09:25Z</time>
		</trkpt>
		<trkpt lat="40.514491" lon="-7.407393">
			<ele>0.00</ele>
			<time>2026-01-13T22:09:27.65Z</time>
		</trkpt>
		<trkpt lat="40.514420" lon="-7.407138">
			<ele>0.00</ele>
			<time>2026-01-13T22:09:29.03Z</time>
		</trkpt>
		<trkpt lat="40.514388" lon="-7.407044">
			<ele>0.00</ele>
			<time>2026-01-13T22:09:29.49Z</time>
		</trkpt>
		<trkpt lat="40.514402" lon="-7.406886">
			<ele>0.00</ele>
			<time>2026-01-13T22:09:30.22Z</time>
		</trkpt>
		<trkpt lat="40.514410" lon="-7.406399">
			<ele>0.00</ele>
			<time>2026-01-13T22:09:31.64Z</time>
		</trkpt>
		<trkpt lat="40.514418" lon="-7.406152">
			<ele>0.00</ele>
			<time>2026-01-13T22:09:33.15Z</time>
		</trkpt>
		<trkpt lat="40.514445" lon="-7.405991">
			<ele>0.00</ele>
			<time>2026-01-13T22:09:34Z</time>
		</trkpt>
		<trkpt lat="40.514529" lon="-7.405413">
			<ele>0.00</ele>
			<time>2026-01-13T22:09:34.09Z</time>
		</trkpt>
		<trkpt lat="40.514645" lon="-7.404667">
			<ele>0.00</ele>
			<time>2026-01-13T22:09:36.45Z</time>
		</trkpt>
		<trkpt lat="40.514766" lon="-7.404322">
			<ele>0.00</ele>
			<time>2026-01-13T22:09:37.64Z</time>
		</trkpt>
		<trkpt lat="40.515067" lon="-7.404149">
			<ele>0.00</ele>
			<time>2026-01-13T22:09:39.08Z</time>
		</trkpt>
		<trkpt lat="40.515334" lon="-7.404094">
			<ele>0.00</ele>
			<time>2026-01-13T22:09:39.17Z</time>
		</trkpt>
		<trkpt lat="40.515624" lon="-7.404197">
			<ele>0.00</ele>
			<time>2026-01-13T22:09:41.04Z</time>
		</trkpt>
		<trkpt lat="40.515987" lon="-7.404471">
			<ele>0.00</ele>
			<time>2026-01-13T22:09:43.03Z</time>
		</trkpt>
		<trkpt lat="40.516305" lon="-7.404718">
			<ele>0.00</ele>
			<time>2026-01-13T22:09:44.37Z</time>
		</trkpt>
		<trkpt lat="40.516486" lon="-7.404852">
			<ele>0.00</ele>
			<time>2026-01-13T22:09:44.86Z</time>
		</trkpt>
		<trkpt lat="40.516695" lon="-7.404873">
			<ele>0.00</ele>
			<time>2026-01-13T22:09:45.61Z</time>
		</trkpt>
		<trkpt lat="40.516813" lon="-7.404712">
			<ele>0.00</ele>
			<time>2026-01-13T22:09:47.98Z</time>
		</trkpt>
		<trkpt lat="40.516798" lon="-7.404087">
			<ele>0.00</ele>
			<time>2026-01-13T22:09:48.91Z</time>
		</trkpt>
		<trkpt lat="40.516794" lon="-7.403629">
			<ele>0.00</ele>
			<time>2026-01-13T22:09:49.69Z</time>
		</trkpt>
		<trkpt lat="40.516793" lon="-7.403424">
			<ele>0.00</ele>
			<time>2026-01-13T22:09:49.75Z</time>
		</trkpt>
		<trkpt lat="40.516862" lon="-7.403295">
			<ele>0.00</ele>
			<time>2026-01-13T22:09:52.07Z</time>
		</trkpt>
		<trkpt lat="40.516756" lon="-7.403176">
			<ele>0.00</ele>
			<time>2026-01-13T22:12:05.36Z</time>
		</trkpt>
		<trkpt lat="40.516712" lon="-7.402974">
			<ele>0.00</ele>
			<time>2026-01-13T22:12:05.42Z</time>
		</trkpt>
		<trkpt lat="40.516656" lon="-7.402524">
			<ele>0.00</ele>
			<time>2026-01-13T22:12:07.77Z</time>
		</trkpt>
		<trkpt lat="40.516794" lon="-7.402543">
			<ele>0.00</ele>
			<time>2026-01-13T22:12:07.83Z</time>
		</trkpt>
		<trkpt lat="40.516932" lon="-7.402580">
			<ele>0.00</ele>
			<time>2026-01-13T22:12:10Z</time>
		</trkpt>
		<trkpt lat="40.517124" lon="-7.402610">
			<ele>0.00</ele>
			<time>2026-01-13T22:12:12.52Z</time>
		</trkpt>
		<trkpt lat="40.517436" lon="-7.402704">
			<ele>0.00</ele>
			<time>2026-01-13T22:12:14.65Z</time>
		</trkpt>
		<trkpt lat="40.517598" lon="-7.402794">
			<ele>0.00</ele>
			<time>2026-01-13T22:12:15.83Z</time>
		</trkpt>
		<trkpt lat="40.517744" lon="-7.403061">
			<ele>0.00</ele>
			<time>2026-01-13T22:12:17.49Z</time>
		</trkpt>
		<trkpt lat="40.517845" lon="-7.403383">
			<ele>0.00</ele>
			<time>2026-01-13T22:12:19.25Z</time>
		</trkpt>
		<trkpt lat="40.517968" lon="-7.403780">
			<ele>0.00</ele>
			<time>2026-01-13T22:12:21.43Z</time>
		</trkpt>
		<trkpt lat="40.518091" lon="-7.403993">
			<ele>0.00</ele>
			<time>2026-01-13T22:12:22.79Z</time>
		</trkpt>
		<trkpt lat="40.518186" lon="-7.404417">
			<ele>0.00</ele>
			<time>2026-01-13T22:12:25.02Z</time>
		</trkpt>
		<trkpt lat="40.518261" lon="-7.404781">
			<ele>0.00</ele>
			<time>2026-01-13T22:12:26.94Z</time>
		</trkpt>
		<trkpt lat="40.518264" lon="-7.404800">
			<ele>0.00</ele>
			<time>2026-01-13T22:12:27.04Z</time>
		</trkpt>
		<trkpt lat="40.518267" lon="-7.404832">
			<ele>0.00</ele>
			<time>2026-01-13T22:12:27.20Z</time>
		</trkpt>
		<trkpt lat="40.518266" lon="-7.404854">
			<ele>0.00</ele>
			<time>2026-01-13T22:12:27.31Z</time>
		</trkpt>
		<trkpt lat="40.518268" lon="-7.404859">
			<ele>0.00</ele>
			<time>2026-01-13T22:12:27.37Z</time>
		</trkpt>
		<trkpt lat="40.518322" lon="-7.405296">
			<ele>0.00</ele>
			<time>2026-01-13T22:12:29.61Z</time>
		</trkpt>
		<trkpt lat="40.518402" lon="-7.405875">
			<ele>0.00</ele>
			<time>2026-01-13T22:12:32.60Z</time>
		</trkpt>
		<trkpt lat="40.518475" lon="-7.406563">
			<ele>0.00</ele>
			<time>2026-01-13T22:12:36.12Z</time>
		</trkpt>
		<trkpt lat="40.518509" lon="-7.407282">
			<ele>0.00</ele>
			<time>2026-01-13T22:12:39.77Z</time>
		</trkpt>
		<trkpt lat="40.518728" lon="-7.407864">
			<ele>0.00</ele>
			<time>2026-01-13T22:12:43.06Z</time>
		</trkpt>
		<trkpt lat="40.518877" lon="-7.408339">
			<ele>0.00</ele>
			<time>2026-01-13T22:12:45.66Z</time>
		</trkpt>
		<trkpt lat="40.518958" lon="-7.408693">
			<ele>0.00</ele>
			<time>2026-01-13T22:12:47.54Z</time>
		</trkpt>
		<trkpt lat="40.519086" lon="-7.408982">
			<ele>0.00</ele>
			<time>2026-01-13T22:12:49.23Z</time>
		</trkpt>
		<trkpt lat="40.519231" lon="-7.409228">
			<ele>0.00</ele>
			<time>2026-01-13T22:12:50.81Z</time>
		</trkpt>
		<trkpt lat="40.519509" lon="-7.409505">
			<ele>0.00</ele>
			<time>2026-01-13T22:12:53.14Z</time>
		</trkpt>
		<trkpt lat="40.519805" lon="-7.409590">
			<ele>0.00</ele>
			<time>2026-01-13T22:12:55.15Z</time>
		</trkpt>
		<trkpt lat="40.520081" lon="-7.409890">
			<ele>0.00</ele>
			<time>2026-01-13T22:12:57.54Z</time>
		</trkpt>
		<trkpt lat="40.520332" lon="-7.410158">
			<ele>0.00</ele>
			<time>2026-01-13T22:12:59.69Z</time>
		</trkpt>
		<trkpt lat="40.520338" lon="-7.410168">
			<ele>0.00</ele>
			<time>2026-01-13T22:12:59.75Z</time>
		</trkpt>
		<trkpt lat="40.520506" lon="-7.410433">
			<ele>0.00</ele>
			<time>2026-01-13T22:13:01.51Z</time>
		</trkpt>
		<trkpt lat="40.520612" lon="-7.410726">
			<ele>0.00</ele>
			<time>2026-01-13T22:13:03.15Z</time>
		</trkpt>
		<trkpt lat="40.520810" lon="-7.411333">
			<ele>0.00</ele>
			<time>2026-01-13T22:13:06.50Z</time>
		</trkpt>
		<trkpt lat="40.520813" lon="-7.411345">
			<ele>0.00</ele>
			<time>2026-01-13T22:13:06.56Z</time>
		</trkpt>
		<trkpt lat="40.521114" lon="-7.412034">
			<ele>0.00</ele>
			<time>2026-01-13T22:13:10.59Z</time>
		</trkpt>
		<trkpt lat="40.521364" lon="-7.412560">
			<ele>0.00</ele>
			<time>2026-01-13T22:13:13.73Z</time>
		</trkpt>
		<trkpt lat="40.521688" lon="-7.413096">
			<ele>0.00</ele>
			<time>2026-01-13T22:13:17.20Z</time>
		</trkpt>
		<trkpt lat="40.521803" lon="-7.413379">
			<ele>0.00</ele>
			<time>2026-01-13T22:13:18.83Z</time>
		</trkpt>
		<trkpt lat="40.521699" lon="-7.413307">
			<ele>0.00</ele>
			<time>2026-01-13T22:13:19.61Z</time>
		</trkpt>
		<trkpt lat="40.521315" lon="-7.413069">
			<ele>0.00</ele>
			<time>2026-01-13T22:13:22.44Z</time>
		</trkpt>
		<trkpt lat="40.521095" lon="-7.412638">
			<ele>0.00</ele>
			<time>2026-01-13T22:13:25.07Z</time>
		</trkpt>
		<trkpt lat="40.520726" lon="-7.412221">
			<ele>0.00</ele>
			<time>2026-01-13T22:13:28.31Z</time>
		</trkpt>
		<trkpt lat="40.520470" lon="-7.411973">
			<ele>0.00</ele>
			<time>2026-01-13T22:13:30.43Z</time>
		</trkpt>
		<trkpt lat="40.520412" lon="-7.411968">
			<ele>0.00</ele>
			<time>2026-01-13T22:13:30.82Z</time>
		</trkpt>
		<trkpt lat="40.519798" lon="-7.411918">
			<ele>0.00</ele>
			<time>2026-01-13T22:13:34.92Z</time>
		</trkpt>
		<trkpt lat="40.519367" lon="-7.412369">
			<ele>0.00</ele>
			<time>2026-01-13T22:13:38.60Z</time>
		</trkpt>
		<trkpt lat="40.518532" lon="-7.413047">
			<ele>0.00</ele>
			<time>2026-01-13T22:13:45.14Z</time>
		</trkpt>
		<trkpt lat="40.518376" lon="-7.413299">
			<ele>0.00</ele>
			<time>2026-01-13T22:13:46.78Z</time>
		</trkpt>
		<trkpt lat="40.517994" lon="-7.412890">
			<ele>0.00</ele>
			<time>2026-01-13T22:13:50.07Z</time>
		</trkpt>
		<trkpt lat="40.517711" lon="-7.412500">
			<ele>0.00</ele>
			<time>2026-01-13T22:13:52.80Z</time>
		</trkpt>
		<trkpt lat="40.517389" lon="-7.412254">
			<ele>0.00</ele>
			<time>2026-01-13T22:13:55.28Z</time>
		</trkpt>
		<trkpt lat="40.516840" lon="-7.412005">
			<ele>0.00</ele>
			<time>2026-01-13T22:13:59.15Z</time>
		</trkpt>
		<trkpt lat="40.516530" lon="-7.411817">
			<ele>0.00</ele>
			<time>2026-01-13T22:14:01.43Z</time>
		</trkpt>
		<trkpt lat="40.516299" lon="-7.411514">
			<ele>0.00</ele>
			<time>2026-01-13T22:14:03.61Z</time>
		</trkpt>
		<trkpt lat="40.515948" lon="-7.410807">
			<ele>0.00</ele>
			<time>2026-01-13T22:14:07.89Z</time>
		</trkpt>
		<trkpt lat="40.515787" lon="-7.410449">
			<ele>0.00</ele>
			<time>2026-01-13T22:14:10Z</time>
		</trkpt>
		<trkpt lat="40.515585" lon="-7.410108">
			<ele>0.00</ele>
			<time>2026-01-13T22:14:12.19Z</time>
		</trkpt>
		<trkpt lat="40.515402" lon="-7.409686">
			<ele>0.00</ele>
			<time>2026-01-13T22:14:14.64Z</time>
		</trkpt>
		<trkpt lat="40.515267" lon="-7.409339">
			<ele>0.00</ele>
			<time>2026-01-13T22:14:16.62Z</time>
		</trkpt>
		<trkpt lat="40.515137" lon="-7.409145">
			<ele>0.00</ele>
			<time>2026-01-13T22:14:17.94Z</time>
		</trkpt>
		<trkpt lat="40.515095" lon="-7.409095">
			<ele>0.00</ele>
			<time>2026-01-13T22:14:18.31Z</time>
		</trkpt>
		<trkpt lat="40.515048" lon="-7.409163">
			<ele>0.00</ele>
			<time>2026-01-13T22:14:18.75Z</time>
		</trkpt>
		<trkpt lat="40.515038" lon="-7.409256">
			<ele>0.00</ele>
			<time>2026-01-13T22:14:19.18Z</time>
		</trkpt>
		<trkpt lat="40.515066" lon="-7.409383">
			<ele>0.00</ele>
			<time>2026-01-13T22:14:20.20Z</time>
		</trkpt>
		<trkpt lat="40.515097" lon="-7.409655">
			<ele>0.00</ele>
			<time>2026-01-13T22:14:21.59Z</time>
		</trkpt>
		<trkpt lat="40.515139" lon="-7.409895">
			<ele>0.00</ele>
			<time>2026-01-13T22:14:22.84Z</time>
		</trkpt>
		<trkpt lat="40.515162" lon="-7.410559">
			<ele>0.00</ele>
			<time>2026-01-13T22:14:26.21Z</time>
		</trkpt>
		<trkpt lat="40.515095" lon="-7.411037">
			<ele>0.00</ele>
			<time>2026-01-13T22:14:28.67Z</time>
		</trkpt>
		<trkpt lat="40.515077" lon="-7.411469">
			<ele>0.00</ele>
			<time>2026-01-13T22:14:30.87Z</time>
		</trkpt>
		<trkpt lat="40.515077" lon="-7.411496">
			<ele>0.00</ele>
			<time>2026-01-13T22:14:31Z</time>
		</trkpt>
		<trkpt lat="40.515080" lon="-7.411506">
			<ele>0.00</ele>
			<time>2026-01-13T22:14:31.06Z</time>
		</trkpt>
		<trkpt lat="40.515120" lon="-7.411734">
			<ele>0.00</ele>
			<time>2026-01-13T22:14:32.25Z</time>
		</trkpt>
		<trkpt lat="40.515083" lon="-7.412167">
			<ele>0.00</ele>
			<time>2026-01-13T22:14:34.46Z</time>
		</trkpt>
		<trkpt lat="40.514957" lon="-7.412457">
			<ele>0.00</ele>
			<time>2026-01-13T22:14:36.14Z</time>
		</trkpt>
		<trkpt lat="40.514953" lon="-7.412468">
			<ele>0.00</ele>
			<time>2026-01-13T22:14:36.21Z</time>
		</trkpt>
		<trkpt lat="40.514819" lon="-7.412696">
			<ele>0.00</ele>
			<time>2026-01-13T22:14:37.67Z</time>
		</trkpt>
		<trkpt lat="40.514738" lon="-7.413007">
			<ele>0.00</ele>
			<time>2026-01-13T22:14:39.34Z</time>
		</trkpt>
		<trkpt lat="40.514760" lon="-7.413381">
			<ele>0.00</ele>
			<time>2026-01-13T22:14:41.24Z</time>
		</trkpt>
		<trkpt lat="40.514759" lon="-7.413391">
			<ele>0.00</ele>
			<time>2026-01-13T22:14:41.30Z</time>
		</trkpt>
		<trkpt lat="40.514756" lon="-7.413397">
			<ele>0.00</ele>
			<time>2026-01-13T22:14:41.36Z</time>
		</trkpt>
		<trkpt lat="40.514692" lon="-7.413578">
			<ele>0.00</ele>
			<time>2026-01-13T22:14:42.37Z</time>
		</trkpt>
		<trkpt lat="40.514689" lon="-7.413587">
			<ele>0.00</ele>
			<time>2026-01-13T22:14:42.43Z</time>
		</trkpt>
		<trkpt lat="40.514579" lon="-7.413597">
			<ele>0.00</ele>
			<time>2026-01-13T22:14:43.16Z</time>
		</trkpt>
		<trkpt lat="40.514378" lon="-7.413530">
			<ele>0.00</ele>
			<time>2026-01-13T22:14:44.55Z</time>
		</trkpt>
		<trkpt lat="40.514157" lon="-7.413640">
			<ele>0.00</ele>
			<time>2026-01-13T22:14:46.12Z</time>
		</trkpt>
		<trkpt lat="40.513842" lon="-7.413905">
			<ele>0.00</ele>
			<time>2026-01-13T22:14:48.62Z</time>
		</trkpt>
		<trkpt lat="40.513839" lon="-7.413911">
			<ele>0.00</ele>
			<time>2026-01-13T22:14:48.68Z</time>
		</trkpt>
		<trkpt lat="40.513565" lon="-7.414508">
			<ele>0.00</ele>
			<time>2026-01-13T22:14:52.21Z</time>
		</trkpt>
		<trkpt lat="40.513544" lon="-7.414559">
			<ele>0.00</ele>
			<time>2026-01-13T22:14:52.50Z</time>
		</trkpt>
		<trkpt lat="40.513216" lon="-7.415067">
			<ele>0.00</ele>
			<time>2026-01-13T22:14:55.88Z</time>
		</trkpt>
		<trkpt lat="40.513043" lon="-7.415482">
			<ele>0.00</ele>
			<time>2026-01-13T22:14:58.28Z</time>
		</trkpt>
		<trkpt lat="40.513043" lon="-7.415498">
			<ele>0.00</ele>
			<time>2026-01-13T22:14:58.36Z</time>
		</trkpt>
		<trkpt lat="40.512890" lon="-7.415976">
			<ele>0.00</ele>
			<time>2026-01-13T22:15:00.99Z</time>
		</trkpt>
		<trkpt lat="40.512724" lon="-7.416180">
			<ele>0.00</ele>
			<time>2026-01-13T22:15:02.50Z</time>
		</trkpt>
		<trkpt lat="40.512499" lon="-7.416528">
			<ele>0.00</ele>
			<time>2026-01-13T22:15:04.82Z</time>
		</trkpt>
		<trkpt lat="40.512132" lon="-7.416484">
			<ele>0.00</ele>
			<time>2026-01-13T22:15:07.28Z</time>
		</trkpt>
		<trkpt lat="40.511905" lon="-7.416517">
			<ele>0.00</ele>
			<time>2026-01-13T22:15:08.80Z</time>
		</trkpt>
		<trkpt lat="40.511654" lon="-7.416782">
			<ele>0.00</ele>
			<time>2026-01-13T22:15:10.94Z</time>
		</trkpt>
		<trkpt lat="40.511639" lon="-7.416802">
			<ele>0.00</ele>
			<time>2026-01-13T22:15:11.08Z</time>
		</trkpt>
		<trkpt lat="40.511620" lon="-7.416848">
			<ele>0.00</ele>
			<time>2026-01-13T22:15:11.35Z</time>
		</trkpt>
		<trkpt lat="40.511590" lon="-7.416887">
			<ele>0.00</ele>
			<time>2026-01-13T22:15:11.64Z</time>
		</trkpt>
		<trkpt lat="40.511367" lon="-7.417154">
			<ele>0.00</ele>
			<time>2026-01-13T22:15:13.64Z</time>
		</trkpt>
		<trkpt lat="40.511345" lon="-7.417197">
			<ele>0.00</ele>
			<time>2026-01-13T22:15:13.91Z</time>
		</trkpt>
		<trkpt lat="40.511087" lon="-7.417650">
			<ele>0.00</ele>
			<time>2026-01-13T22:15:16.78Z</time>
		</trkpt>
		<trkpt lat="40.511065" lon="-7.417693">
			<ele>0.00</ele>
			<time>2026-01-13T22:15:17.04Z</time>
		</trkpt>
		<trkpt lat="40.510923" lon="-7.417970">
			<ele>0.00</ele>
			<time>2026-01-13T22:15:18.73Z</time>
		</trkpt>
		<trkpt lat="40.510693" lon="-7.418154">
			<ele>0.00</ele>
			<time>2026-01-13T22:15:20.53Z</time>
		</trkpt>
		<trkpt lat="40.510577" lon="-7.418288">
			<ele>0.00</ele>
			<time>2026-01-13T22:15:21.55Z</time>
		</trkpt>
		<trkpt lat="40.510570" lon="-7.418311">
			<ele>0.00</ele>
			<time>2026-01-13T22:15:21.68Z</time>
		</trkpt>
		<trkpt lat="40.510521" lon="-7.418704">
			<ele>0.00</ele>
			<time>2026-01-13T22:15:23.70Z</time>
		</trkpt>
		<trkpt lat="40.510385" lon="-7.419359">
			<ele>0.00</ele>
			<time>2026-01-13T22:15:27.14Z</time>
		</trkpt>
		<trkpt lat="40.510381" lon="-7.419392">
			<ele>0.00</ele>
			<time>2026-01-13T22:15:27.31Z</time>
		</trkpt>
		<trkpt lat="40.510379" lon="-7.419398">
			<ele>0.00</ele>
			<time>2026-01-13T22:15:27.37Z</time>
		</trkpt>
		<trkpt lat="40.510315" lon="-7.419905">
			<ele>0.00</ele>
			<time>2026-01-13T22:15:29.98Z</time>
		</trkpt>
		<trkpt lat="40.510312" lon="-7.419955">
			<ele>0.00</ele>
			<time>2026-01-13T22:15:30.23Z</time>
		</trkpt>
		<trkpt lat="40.510310" lon="-7.419983">
			<ele>0.00</ele>
			<time>2026-01-13T22:15:30.37Z</time>
		</trkpt>
		<trkpt lat="40.510341" lon="-7.420533">
			<ele>0.00</ele>
			<time>2026-01-13T22:15:33.16Z</time>
		</trkpt>
		<trkpt lat="40.510340" lon="-7.420578">
			<ele>0.00</ele>
			<time>2026-01-13T22:15:33.39Z</time>
		</trkpt>
		<trkpt lat="40.510347" lon="-7.421222">
			<ele>0.00</ele>
			<time>2026-01-13T22:15:36.66Z</time>
		</trkpt>
		<trkpt lat="40.510341" lon="-7.421266">
			<ele>0.00</ele>
			<time>2026-01-13T22:15:36.89Z</time>
		</trkpt>
		<trkpt lat="40.510333" lon="-7.421292">
			<ele>0.00</ele>
			<time>2026-01-13T22:15:37.03Z</time>
		</trkpt>
		<trkpt lat="40.510248" lon="-7.421950">
			<ele>0.00</ele>
			<time>2026-01-13T22:15:40.41Z</time>
		</trkpt>
		<trkpt lat="40.510271" lon="-7.422370">
			<ele>0.00</ele>
			<time>2026-01-13T22:15:42.54Z</time>
		</trkpt>
		<trkpt lat="40.510179" lon="-7.422550">
			<ele>0.00</ele>
			<time>2026-01-13T22:15:43.64Z</time>
		</trkpt>
		<trkpt lat="40.509997" lon="-7.422590">
			<ele>0.00</ele>
			<time>2026-01-13T22:15:44.87Z</time>
		</trkpt>
		<trkpt lat="40.509636" lon="-7.422527">
			<ele>0.00</ele>
			<time>2026-01-13T22:15:47.30Z</time>
		</trkpt>
		<trkpt lat="40.509216" lon="-7.422805">
			<ele>0.00</ele>
			<time>2026-01-13T22:15:50.43Z</time>
		</trkpt>
		<trkpt lat="40.509207" lon="-7.422812">
			<ele>0.00</ele>
			<time>2026-01-13T22:15:50.50Z</time>
		</trkpt>
		<trkpt lat="40.509112" lon="-7.422931">
			<ele>0.00</ele>
			<time>2026-01-13T22:15:51.38Z</time>
		</trkpt>
		<trkpt lat="40.509016" lon="-7.423157">
			<ele>0.00</ele>
			<time>2026-01-13T22:15:52.69Z</time>
		</trkpt>
		<trkpt lat="40.508936" lon="-7.424246">
			<ele>0.00</ele>
			<time>2026-01-13T22:15:58.24Z</time>
		</trkpt>
		<trkpt lat="40.509119" lon="-7.424966">
			<ele>0.00</ele>
			<time>2026-01-13T22:16:02.08Z</time>
		</trkpt>
		<trkpt lat="40.509128" lon="-7.424978">
			<ele>0.00</ele>
			<time>2026-01-13T22:16:02.17Z</time>
		</trkpt>
		<trkpt lat="40.509331" lon="-7.425676">
			<ele>0.00</ele>
			<time>2026-01-13T22:16:05.95Z</time>
		</trkpt>
		<trkpt lat="40.509343" lon="-7.425722">
			<ele>0.00</ele>
			<time>2026-01-13T22:16:06.20Z</time>
		</trkpt>
		<trkpt lat="40.509346" lon="-7.425756">
			<ele>0.00</ele>
			<time>2026-01-13T22:16:06.37Z</time>
		</trkpt>
		<trkpt lat="40.509426" lon="-7.426039">
			<ele>0.00</ele>
			<time>2026-01-13T22:16:07.91Z</time>
		</trkpt>
		<trkpt lat="40.509424" lon="-7.426046">
			<ele>0.00</ele>
			<time>2026-01-13T22:16:07.97Z</time>
		</trkpt>
		<trkpt lat="40.509222" lon="-7.426388">
			<ele>0.00</ele>
			<time>2026-01-13T22:16:10.16Z</time>
		</trkpt>
		<trkpt lat="40.509211" lon="-7.426421">
			<ele>0.00</ele>
			<time>2026-01-13T22:16:10.35Z</time>
		</trkpt>
		<trkpt lat="40.509149" lon="-7.426773">
			<ele>0.00</ele>
			<time>2026-01-13T22:16:12.18Z</time>
		</trkpt>
		<trkpt lat="40.509144" lon="-7.426786">
			<ele>0.00</ele>
			<time>2026-01-13T22:16:12.25Z</time>
		</trkpt>
		<trkpt lat="40.509144" lon="-7.427288">
			<ele>0.00</ele>
			<time>2026-01-13T22:16:14.79Z</time>
		</trkpt>
		<trkpt lat="40.509147" lon="-7.427299">
			<ele>0.00</ele>
			<time>2026-01-13T22:16:14.86Z</time>
		</trkpt>
		<trkpt lat="40.509232" lon="-7.427781">
			<ele>0.00</ele>
			<time>2026-01-13T22:16:17.36Z</time>
		</trkpt>
		<trkpt lat="40.509260" lon="-7.428423">
			<ele>0.00</ele>
			<time>2026-01-13T22:16:20.62Z</time>
		</trkpt>
		<trkpt lat="40.509215" lon="-7.429130">
			<ele>0.00</ele>
			<time>2026-01-13T22:16:24.22Z</time>
		</trkpt>
		<trkpt lat="40.509216" lon="-7.429170">
			<ele>0.00</ele>
			<time>2026-01-13T22:16:24.42Z</time>
		</trkpt>
		<trkpt lat="40.509213" lon="-7.429176">
			<ele>0.00</ele>
			<time>2026-01-13T22:16:24.48Z</time>
		</trkpt>
		<trkpt lat="40.509172" lon="-7.429942">
			<ele>0.00</ele>
			<time>2026-01-13T22:16:28.37Z</time>
		</trkpt>
		<trkpt lat="40.509169" lon="-7.429972">
			<ele>0.00</ele>
			<time>2026-01-13T22:16:28.53Z</time>
		</trkpt>
		<trkpt lat="40.509167" lon="-7.429995">
			<ele>0.00</ele>
			<time>2026-01-13T22:16:28.64Z</time>
		</trkpt>
		<trkpt lat="40.509104" lon="-7.430805">
			<ele>0.00</ele>
			<time>2026-01-13T22:16:32.77Z</time>
		</trkpt>
		<trkpt lat="40.509144" lon="-7.431366">
			<ele>0.00</ele>
			<time>2026-01-13T22:16:35.62Z</time>
		</trkpt>
		<trkpt lat="40.509366" lon="-7.431734">
			<ele>0.00</ele>
			<time>2026-01-13T22:16:38.01Z</time>
		</trkpt>
		<trkpt lat="40.509400" lon="-7.431913">
			<ele>0.00</ele>
			<time>2026-01-13T22:16:38.94Z</time>
		</trkpt>
		<trkpt lat="40.509374" lon="-7.432335">
			<ele>0.00</ele>
			<time>2026-01-13T22:16:41.09Z</time>
		</trkpt>
		<trkpt lat="40.509417" lon="-7.432523">
			<ele>0.00</ele>
			<time>2026-01-13T22:16:42.08Z</time>
		</trkpt>
		<trkpt lat="40.509365" lon="-7.432801">
			<ele>0.00</ele>
			<time>2026-01-13T22:16:43.53Z</time>
		</trkpt>
		<trkpt lat="40.509361" lon="-7.432814">
			<ele>0.00</ele>
			<time>2026-01-13T22:16:43.61Z</time>
		</trkpt>
		<trkpt lat="40.509220" lon="-7.433026">
			<ele>0.00</ele>
			<time>2026-01-13T22:16:45.03Z</time>
		</trkpt>
		<trkpt lat="40.508946" lon="-7.433222">
			<ele>0.00</ele>
			<time>2026-01-13T22:16:47.12Z</time>
		</trkpt>
		<trkpt lat="40.508920" lon="-7.433254">
			<ele>0.00</ele>
			<time>2026-01-13T22:16:47.35Z</time>
		</trkpt>
		<trkpt lat="40.508916" lon="-7.433267">
			<ele>0.00</ele>
			<time>2026-01-13T22:16:47.42Z</time>
		</trkpt>
		<trkpt lat="40.508630" lon="-7.433962">
			<ele>0.00</ele>
			<time>2026-01-13T22:16:51.42Z</time>
		</trkpt>
		<trkpt lat="40.508731" lon="-7.434352">
			<ele>0.00</ele>
			<time>2026-01-13T22:16:53.52Z</time>
		</trkpt>
		<trkpt lat="40.508729" lon="-7.434359">
			<ele>0.00</ele>
			<time>2026-01-13T22:16:53.58Z</time>
		</trkpt>
		<trkpt lat="40.508675" lon="-7.435218">
			<ele>0.00</ele>
			<time>2026-01-13T22:16:57.94Z</time>
		</trkpt>
		<trkpt lat="40.508048" lon="-7.435741">
			<ele>0.00</ele>
			<time>2026-01-13T22:17:02.90Z</time>
		</trkpt>
		<trkpt lat="40.507811" lon="-7.435939">
			<ele>0.00</ele>
			<time>2026-01-13T22:17:04.77Z</time>
		</trkpt>
		<trkpt lat="40.507800" lon="-7.435966">
			<ele>0.00</ele>
			<time>2026-01-13T22:17:04.92Z</time>
		</trkpt>
		<trkpt lat="40.507665" lon="-7.437039">
			<ele>0.00</ele>
			<time>2026-01-13T22:17:10.44Z</time>
		</trkpt>
		<trkpt lat="40.507774" lon="-7.437650">
			<ele>0.00</ele>
			<time>2026-01-13T22:17:13.62Z</time>
		</trkpt>
		<trkpt lat="40.507619" lon="-7.438221">
			<ele>0.00</ele>
			<time>2026-01-13T22:17:16.69Z</time>
		</trkpt>
		<trkpt lat="40.507604" lon="-7.438240">
			<ele>0.00</ele>
			<time>2026-01-13T22:17:16.83Z</time>
		</trkpt>
		<trkpt lat="40.507134" lon="-7.439196">
			<ele>0.00</ele>
			<time>2026-01-13T22:17:22.60Z</time>
		</trkpt>
		<trkpt lat="40.507129" lon="-7.439211">
			<ele>0.00</ele>
			<time>2026-01-13T22:17:22.68Z</time>
		</trkpt>
		<trkpt lat="40.506771" lon="-7.439799">
			<ele>0.00</ele>
			<time>2026-01-13T22:17:26.50Z</time>
		</trkpt>
		<trkpt lat="40.506723" lon="-7.439882">
			<ele>0.00</ele>
			<time>2026-01-13T22:17:27.03Z</time>
		</trkpt>
		<trkpt lat="40.506718" lon="-7.439896">
			<ele>0.00</ele>
			<time>2026-01-13T22:17:27.11Z</time>
		</trkpt>
		<trkpt lat="40.506171" lon="-7.440543">
			<ele>0.00</ele>
			<time>2026-01-13T22:17:32.01Z</time>
		</trkpt>
		<trkpt lat="40.506159" lon="-7.440551">
			<ele>0.00</ele>
			<time>2026-01-13T22:17:32.10Z</time>
		</trkpt>
		<trkpt lat="40.505120" lon="-7.441641">
			<ele>0.00</ele>
			<time>2026-01-13T22:17:40.97Z</time>
		</trkpt>
		<trkpt lat="40.504285" lon="-7.442606">
			<ele>0.00</ele>
			<time>2026-01-13T22:17:48.38Z</time>
		</trkpt>
		<trkpt lat="40.503663" lon="-7.442857">
			<ele>0.00</ele>
			<time>2026-01-13T22:17:52.71Z</time>
		</trkpt>
		<trkpt lat="40.503256" lon="-7.443059">
			<ele>0.00</ele>
			<time>2026-01-13T22:17:55.61Z</time>
		</trkpt>
		<trkpt lat="40.502407" lon="-7.443466">
			<ele>0.00</ele>
			<time>2026-01-13T22:18:01.64Z</time>
		</trkpt>
		<trkpt lat="40.502066" lon="-7.443462">
			<ele>0.00</ele>
			<time>2026-01-13T22:18:03.91Z</time>
		</trkpt>
		<trkpt lat="40.501737" lon="-7.443266">
			<ele>0.00</ele>
			<time>2026-01-13T22:18:06.31Z</time>
		</trkpt>
		<trkpt lat="40.501437" lon="-7.443032">
			<ele>0.00</ele>
			<time>2026-01-13T22:18:08.64Z</time>
		</trkpt>
		<trkpt lat="40.501414" lon="-7.443014">
			<ele>0.00</ele>
			<time>2026-01-13T22:18:08.82Z</time>
		</trkpt>
		<trkpt lat="40.501068" lon="-7.442666">
			<ele>0.00</ele>
			<time>2026-01-13T22:18:11.73Z</time>
		</trkpt>
		<trkpt lat="40.501045" lon="-7.442655">
			<ele>0.00</ele>
			<time>2026-01-13T22:18:11.89Z</time>
		</trkpt>
		<trkpt lat="40.501041" lon="-7.442652">
			<ele>0.00</ele>
			<time>2026-01-13T22:18:11.95Z</time>
		</trkpt>
		<trkpt lat="40.500297" lon="-7.441947">
			<ele>0.00</ele>
			<time>2026-01-13T22:18:18.06Z</time>
		</trkpt>
		<trkpt lat="40.499641" lon="-7.441360">
			<ele>0.00</ele>
			<time>2026-01-13T22:18:23.35Z</time>
		</trkpt>
		<trkpt lat="40.499628" lon="-7.441336">
			<ele>0.00</ele>
			<time>2026-01-13T22:18:23.50Z</time>
		</trkpt>
		<trkpt lat="40.499322" lon="-7.440920">
			<ele>0.00</ele>
			<time>2026-01-13T22:18:26.43Z</time>
		</trkpt>
		<trkpt lat="40.499103" lon="-7.440406">
			<ele>0.00</ele>
			<time>2026-01-13T22:18:29.42Z</time>
		</trkpt>
		<trkpt lat="40.499062" lon="-7.440083">
			<ele>0.00</ele>
			<time>2026-01-13T22:18:31.08Z</time>
		</trkpt>
		<trkpt lat="40.499131" lon="-7.439774">
			<ele>0.00</ele>
			<time>2026-01-13T22:18:32.71Z</time>
		</trkpt>
		<trkpt lat="40.499132" lon="-7.439351">
			<ele>0.00</ele>
			<time>2026-01-13T22:18:34.85Z</time>
		</trkpt>
		<trkpt lat="40.499048" lon="-7.438090">
			<ele>0.00</ele>
			<time>2026-01-13T22:18:41.27Z</time>
		</trkpt>
		<trkpt lat="40.498898" lon="-7.437254">
			<ele>0.00</ele>
			<time>2026-01-13T22:18:45.62Z</time>
		</trkpt>
		<trkpt lat="40.498870" lon="-7.436936">
			<ele>0.00</ele>
			<time>2026-01-13T22:18:47.25Z</time>
		</trkpt>
		<trkpt lat="40.498976" lon="-7.436426">
			<ele>0.00</ele>
			<time>2026-01-13T22:18:49.93Z</time>
		</trkpt>
		<trkpt lat="40.499083" lon="-7.435943">
			<ele>0.00</ele>
			<time>2026-01-13T22:18:52.48Z</time>
		</trkpt>
		<trkpt lat="40.499070" lon="-7.435522">
			<ele>0.00</ele>
			<time>2026-01-13T22:18:54.61Z</time>
		</trkpt>
		<trkpt lat="40.499035" lon="-7.435025">
			<ele>0.00</ele>
			<time>2026-01-13T22:18:57.14Z</time>
		</trkpt>
		<trkpt lat="40.499055" lon="-7.434290">
			<ele>0.00</ele>
			<time>2026-01-13T22:19:00.88Z</time>
		</trkpt>
		<trkpt lat="40.498642" lon="-7.432990">
			<ele>0.00</ele>
			<time>2026-01-13T22:19:08.01Z</time>
		</trkpt>
		<trkpt lat="40.498423" lon="-7.432212">
			<ele>0.00</ele>
			<time>2026-01-13T22:19:12.22Z</time>
		</trkpt>
		<trkpt lat="40.498429" lon="-7.432198">
			<ele>0.00</ele>
			<time>2026-01-13T22:19:12.30Z</time>
		</trkpt>
		<trkpt lat="40.498118" lon="-7.431308">
			<ele>0.00</ele>
			<time>2026-01-13T22:19:17.27Z</time>
		</trkpt>
		<trkpt lat="40.498114" lon="-7.431299">
			<ele>0.00</ele>
			<time>2026-01-13T22:19:17.33Z</time>
		</trkpt>
		<trkpt lat="40.497882" lon="-7.430713">
			<ele>0.00</ele>
			<time>2026-01-13T22:19:20.68Z</time>
		</trkpt>
		<trkpt lat="40.497873" lon="-7.430666">
			<ele>0.00</ele>
			<time>2026-01-13T22:19:20.92Z</time>
		</trkpt>
		<trkpt lat="40.497393" lon="-7.429730">
			<ele>0.00</ele>
			<time>2026-01-13T22:19:26.65Z</time>
		</trkpt>
		<trkpt lat="40.497167" lon="-7.429494">
			<ele>0.00</ele>
			<time>2026-01-13T22:19:28.57Z</time>
		</trkpt>
		<trkpt lat="40.496583" lon="-7.429144">
			<ele>0.00</ele>
			<time>2026-01-13T22:19:32.85Z</time>
		</trkpt>
		<trkpt lat="40.496221" lon="-7.428818">
			<ele>0.00</ele>
			<time>2026-01-13T22:19:35.77Z</time>
		</trkpt>
		<trkpt lat="40.496198" lon="-7.428798">
			<ele>0.00</ele>
			<time>2026-01-13T22:19:35.96Z</time>
		</trkpt>
		<trkpt lat="40.495920" lon="-7.428464">
			<ele>0.00</ele>
			<time>2026-01-13T22:19:38.47Z</time>
		</trkpt>
		<trkpt lat="40.495783" lon="-7.428001">
			<ele>0.00</ele>
			<time>2026-01-13T22:19:40.98Z</time>
		</trkpt>
		<trkpt lat="40.495689" lon="-7.427529">
			<ele>0.00</ele>
			<time>2026-01-13T22:19:43.46Z</time>
		</trkpt>
		<trkpt lat="40.495543" lon="-7.427206">
			<ele>0.00</ele>
			<time>2026-01-13T22:19:45.36Z</time>
		</trkpt>
		<trkpt lat="40.495185" lon="-7.426972">
			<ele>0.00</ele>
			<time>2026-01-13T22:19:48.03Z</time>
		</trkpt>
		<trkpt lat="40.494878" lon="-7.426735">
			<ele>0.00</ele>
			<time>2026-01-13T22:19:50.40Z</time>
		</trkpt>
		<trkpt lat="40.494714" lon="-7.426427">
			<ele>0.00</ele>
			<time>2026-01-13T22:19:52.31Z</time>
		</trkpt>
		<trkpt lat="40.494532" lon="-7.426130">
			<ele>0.00</ele>
			<time>2026-01-13T22:19:54.24Z</time>
		</trkpt>
		<trkpt lat="40.494509" lon="-7.426094">
			<ele>0.00</ele>
			<time>2026-01-13T22:19:54.48Z</time>
		</trkpt>
		<trkpt lat="40.494382" lon="-7.425785">
			<ele>0.00</ele>
			<time>2026-01-13T22:19:56.26Z</time>
		</trkpt>
		<trkpt lat="40.494139" lon="-7.425590">
			<ele>0.00</ele>
			<time>2026-01-13T22:19:58.16Z</time>
		</trkpt>
		<trkpt lat="40.493849" lon="-7.425640">
			<ele>0.00</ele>
			<time>2026-01-13T22:20:00.10Z</time>
		</trkpt>
		<trkpt lat="40.493553" lon="-7.425867">
			<ele>0.00</ele>
			<time>2026-01-13T22:20:02.39Z</time>
		</trkpt>
		<trkpt lat="40.493279" lon="-7.426240">
			<ele>0.00</ele>
			<time>2026-01-13T22:20:05.02Z</time>
		</trkpt>
		<trkpt lat="40.493277" lon="-7.426248">
			<ele>0.00</ele>
			<time>2026-01-13T22:20:05.08Z</time>
		</trkpt>
		<trkpt lat="40.493006" lon="-7.426523">
			<ele>0.00</ele>
			<time>2026-01-13T22:20:07.36Z</time>
		</trkpt>
		<trkpt lat="40.492861" lon="-7.426558">
			<ele>0.00</ele>
			<time>2026-01-13T22:20:08.34Z</time>
		</trkpt>
		<trkpt lat="40.492833" lon="-7.426563">
			<ele>0.00</ele>
			<time>2026-01-13T22:20:08.53Z</time>
		</trkpt>
		<trkpt lat="40.492650" lon="-7.426451">
			<ele>0.00</ele>
			<time>2026-01-13T22:20:09.87Z</time>
		</trkpt>
		<trkpt lat="40.492630" lon="-7.426433">
			<ele>0.00</ele>
			<time>2026-01-13T22:20:10.04Z</time>
		</trkpt>
		<trkpt lat="40.492418" lon="-7.426244">
			<ele>0.00</ele>
			<time>2026-01-13T22:20:11.74Z</time>
		</trkpt>
		<trkpt lat="40.492406" lon="-7.426225">
			<ele>0.00</ele>
			<time>2026-01-13T22:20:11.87Z</time>
		</trkpt>
		<trkpt lat="40.492277" lon="-7.426019">
			<ele>0.00</ele>
			<time>2026-01-13T22:20:13.22Z</time>
		</trkpt>
		<trkpt lat="40.492273" lon="-7.426015">
			<ele>0.00</ele>
			<time>2026-01-13T22:20:13.28Z</time>
		</trkpt>
		<trkpt lat="40.492200" lon="-7.425794">
			<ele>0.00</ele>
			<time>2026-01-13T22:20:14.50Z</time>
		</trkpt>
		<trkpt lat="40.492136" lon="-7.425616">
			<ele>0.00</ele>
			<time>2026-01-13T22:20:15.50Z</time>
		</trkpt>
		<trkpt lat="40.492213" lon="-7.425332">
			<ele>0.00</ele>
			<time>2026-01-13T22:20:17.03Z</time>
		</trkpt>
		<trkpt lat="40.492313" lon="-7.425099">
			<ele>0.00</ele>
			<time>2026-01-13T22:20:18.39Z</time>
		</trkpt>
		<trkpt lat="40.492550" lon="-7.424864">
			<ele>0.00</ele>
			<time>2026-01-13T22:20:20.37Z</time>
		</trkpt>
		<trkpt lat="40.492623" lon="-7.424588">
			<ele>0.00</ele>
			<time>2026-01-13T22:20:21.85Z</time>
		</trkpt>
		<trkpt lat="40.492605" lon="-7.424537">
			<ele>0.00</ele>
			<time>2026-01-13T22:20:22.13Z</time>
		</trkpt>
		<trkpt lat="40.492608" lon="-7.424510">
			<ele>0.00</ele>
			<time>2026-01-13T22:20:22.27Z</time>
		</trkpt>
		<trkpt lat="40.492560" lon="-7.424307">
			<ele>0.00</ele>
			<time>2026-01-13T22:20:23.35Z</time>
		</trkpt>
		<trkpt lat="40.492471" lon="-7.423525">
			<ele>0.00</ele>
			<time>2026-01-13T22:20:27.36Z</time>
		</trkpt>
		<trkpt lat="40.492167" lon="-7.422289">
			<ele>0.00</ele>
			<time>2026-01-13T22:20:33.95Z</time>
		</trkpt>
		<trkpt lat="40.491942" lon="-7.421729">
			<ele>0.00</ele>
			<time>2026-01-13T22:20:37.16Z</time>
		</trkpt>
		<trkpt lat="40.491916" lon="-7.421696">
			<ele>0.00</ele>
			<time>2026-01-13T22:20:37.40Z</time>
		</trkpt>
		<trkpt lat="40.491679" lon="-7.421334">
			<ele>0.00</ele>
			<time>2026-01-13T22:20:39.82Z</time>
		</trkpt>
		<trkpt lat="40.491668" lon="-7.421302">
			<ele>0.00</ele>
			<time>2026-01-13T22:20:40Z</time>
		</trkpt>
		<trkpt lat="40.491714" lon="-7.421130">
			<ele>0.00</ele>
			<time>2026-01-13T22:20:40.92Z</time>
		</trkpt>
		<trkpt lat="40.491964" lon="-7.420874">
			<ele>0.00</ele>
			<time>2026-01-13T22:20:43.03Z</time>
		</trkpt>
		<trkpt lat="40.492016" lon="-7.420498">
			<ele>0.00</ele>
			<time>2026-01-13T22:20:44.97Z</time>
		</trkpt>
		<trkpt lat="40.491979" lon="-7.420045">
			<ele>0.00</ele>
			<time>2026-01-13T22:20:47.28Z</time>
		</trkpt>
		<trkpt lat="40.491951" lon="-7.419834">
			<ele>0.00</ele>
			<time>2026-01-13T22:20:48.37Z</time>
		</trkpt>
		<trkpt lat="40.491659" lon="-7.419759">
			<ele>0.00</ele>
			<time>2026-01-13T22:20:50.35Z</time>
		</trkpt>
		<trkpt lat="40.491334" lon="-7.419590">
			<ele>0.00</ele>
			<time>2026-01-13T22:20:52.68Z</time>
		</trkpt>
		<trkpt lat="40.491310" lon="-7.419583">
			<ele>0.00</ele>
			<time>2026-01-13T22:20:52.84Z</time>
		</trkpt>
		<trkpt lat="40.491281" lon="-7.419563">
			<ele>0.00</ele>
			<time>2026-01-13T22:20:53.06Z</time>
		</trkpt>
		<trkpt lat="40.490907" lon="-7.419167">
			<ele>0.00</ele>
			<time>2026-01-13T22:20:56.26Z</time>
		</trkpt>
		<trkpt lat="40.490805" lon="-7.418925">
			<ele>0.00</ele>
			<time>2026-01-13T22:20:57.66Z</time>
		</trkpt>
		<trkpt lat="40.490794" lon="-7.418907">
			<ele>0.00</ele>
			<time>2026-01-13T22:20:57.78Z</time>
		</trkpt>
		<trkpt lat="40.490694" lon="-7.418460">
			<ele>0.00</ele>
			<time>2026-01-13T22:21:00.15Z</time>
		</trkpt>
		<trkpt lat="40.490714" lon="-7.418141">
			<ele>0.00</ele>
			<time>2026-01-13T22:21:01.77Z</time>
		</trkpt>
		<trkpt lat="40.490862" lon="-7.417715">
			<ele>0.00</ele>
			<time>2026-01-13T22:21:04.14Z</time>
		</trkpt>
		<trkpt lat="40.490707" lon="-7.417548">
			<ele>0.00</ele>
			<time>2026-01-13T22:21:05.47Z</time>
		</trkpt>
		<trkpt lat="40.490401" lon="-7.417223">
			<ele>0.00</ele>
			<time>2026-01-13T22:21:08.09Z</time>
		</trkpt>
		<trkpt lat="40.489886" lon="-7.416959">
			<ele>0.00</ele>
			<time>2026-01-13T22:21:11.78Z</time>
		</trkpt>
		<trkpt lat="40.489391" lon="-7.416705">
			<ele>0.00</ele>
			<time>2026-01-13T22:21:15.32Z</time>
		</trkpt>
		<trkpt lat="40.489030" lon="-7.416605">
			<ele>0.00</ele>
			<time>2026-01-13T22:21:17.79Z</time>
		</trkpt>
		<trkpt lat="40.488762" lon="-7.416581">
			<ele>0.00</ele>
			<time>2026-01-13T22:21:19.57Z</time>
		</trkpt>
		<trkpt lat="40.488747" lon="-7.416575">
			<ele>0.00</ele>
			<time>2026-01-13T22:21:19.67Z</time>
		</trkpt>
		<trkpt lat="40.488414" lon="-7.416520">
			<ele>0.00</ele>
			<time>2026-01-13T22:21:21.92Z</time>
		</trkpt>
		<trkpt lat="40.488188" lon="-7.416470">
			<ele>0.00</ele>
			<time>2026-01-13T22:21:23.44Z</time>
		</trkpt>
		<trkpt lat="40.487895" lon="-7.416331">
			<ele>0.00</ele>
			<time>2026-01-13T22:21:25.52Z</time>
		</trkpt>
		<trkpt lat="40.487391" lon="-7.415762">
			<ele>0.00</ele>
			<time>2026-01-13T22:21:29.95Z</time>
		</trkpt>
		<trkpt lat="40.487034" lon="-7.415472">
			<ele>0.00</ele>
			<time>2026-01-13T22:21:32.75Z</time>
		</trkpt>
		<trkpt lat="40.486806" lon="-7.415267">
			<ele>0.00</ele>
			<time>2026-01-13T22:21:34.58Z</time>
		</trkpt>
		<trkpt lat="40.486450" lon="-7.415070">
			<ele>0.00</ele>
			<time>2026-01-13T22:21:37.16Z</time>
		</trkpt>
		<trkpt lat="40.486272" lon="-7.414981">
			<ele>0.00</ele>
			<time>2026-01-13T22:21:38.43Z</time>
		</trkpt>
		<trkpt lat="40.486206" lon="-7.414966">
			<ele>0.00</ele>
			<time>2026-01-13T22:21:38.88Z</time>
		</trkpt>
		<trkpt lat="40.485970" lon="-7.415112">
			<ele>0.00</ele>
			<time>2026-01-13T22:21:40.62Z</time>
		</trkpt>
		<trkpt lat="40.485858" lon="-7.415475">
			<ele>0.00</ele>
			<time>2026-01-13T22:21:42.61Z</time>
		</trkpt>
		<trkpt lat="40.485773" lon="-7.415770">
			<ele>0.00</ele>
			<time>2026-01-13T22:21:44.21Z</time>
		</trkpt>
		<trkpt lat="40.485537" lon="-7.416120">
			<ele>0.00</ele>
			<time>2026-01-13T22:21:46.58Z</time>
		</trkpt>
		<trkpt lat="40.484742" lon="-7.417067">
			<ele>0.00</ele>
			<time>2026-01-13T22:21:53.73Z</time>
		</trkpt>
		<trkpt lat="40.484738" lon="-7.417076">
			<ele>0.00</ele>
			<time>2026-01-13T22:21:53.79Z</time>
		</trkpt>
		<trkpt lat="40.483863" lon="-7.417764">
			<ele>0.00</ele>
			<time>2026-01-13T22:22:00.58Z</time>
		</trkpt>
		<trkpt lat="40.483855" lon="-7.417779">
			<ele>0.00</ele>
			<time>2026-01-13T22:22:00.68Z</time>
		</trkpt>
		<trkpt lat="40.483175" lon="-7.418372">
			<ele>0.00</ele>
			<time>2026-01-13T22:22:06.12Z</time>
		</trkpt>
		<trkpt lat="40.483170" lon="-7.418382">
			<ele>0.00</ele>
			<time>2026-01-13T22:22:06.18Z</time>
		</trkpt>
		<trkpt lat="40.482483" lon="-7.418912">
			<ele>0.00</ele>
			<time>2026-01-13T22:22:11.49Z</time>
		</trkpt>
		<trkpt lat="40.482296" lon="-7.419054">
			<ele>0.00</ele>
			<time>2026-01-13T22:22:12.93Z</time>
		</trkpt>
		<trkpt lat="40.482179" lon="-7.418985">
			<ele>0.00</ele>
			<time>2026-01-13T22:22:13.78Z</time>
		</trkpt>
		<trkpt lat="40.482225" lon="-7.418795">
			<ele>0.00</ele>
			<time>2026-01-13T22:22:14.79Z</time>
		</trkpt>
		<trkpt lat="40.482231" lon="-7.418606">
			<ele>0.00</ele>
			<time>2026-01-13T22:22:15.75Z</time>
		</trkpt>
		<trkpt lat="40.482212" lon="-7.418349">
			<ele>0.00</ele>
			<time>2026-01-13T22:22:17.06Z</time>
		</trkpt>
		<trkpt lat="40.482119" lon="-7.418164">
			<ele>0.00</ele>
			<time>2026-01-13T22:22:18.19Z</time>
		</trkpt>
		<trkpt lat="40.482116" lon="-7.418148">
			<ele>0.00</ele>
			<time>2026-01-13T22:22:18.27Z</time>
		</trkpt>
		<trkpt lat="40.481929" lon="-7.417928">
			<ele>0.00</ele>
			<time>2026-01-13T22:22:19.94Z</time>
		</trkpt>
		<trkpt lat="40.480277" lon="-7.416150">
			<ele>0.00</ele>
			<time>2026-01-13T22:22:34.18Z</time>
		</trkpt>
		<trkpt lat="40.480078" lon="-7.415983">
			<ele>0.00</ele>
			<time>2026-01-13T22:22:35.75Z</time>
		</trkpt>
		<trkpt lat="40.479883" lon="-7.416021">
			<ele>0.00</ele>
			<time>2026-01-13T22:22:37.06Z</time>
		</trkpt>
		<trkpt lat="40.479581" lon="-7.416361">
			<ele>0.00</ele>
			<time>2026-01-13T22:22:39.71Z</time>
		</trkpt>
		<trkpt lat="40.478000" lon="-7.416936">
			<ele>0.00</ele>
			<time>2026-01-13T22:22:50.65Z</time>
		</trkpt>
		<trkpt lat="40.477224" lon="-7.417082">
			<ele>0.00</ele>
			<time>2026-01-13T22:22:55.87Z</time>
		</trkpt>
		<trkpt lat="40.476909" lon="-7.417154">
			<ele>0.00</ele>
			<time>2026-01-13T22:22:58Z</time>
		</trkpt>
		<trkpt lat="40.476888" lon="-7.417159">
			<ele>0.00</ele>
			<time>2026-01-13T22:22:58.15Z</time>
		</trkpt>
		<trkpt lat="40.476880" lon="-7.417164">
			<ele>0.00</ele>
			<time>2026-01-13T22:22:58.21Z</time>
		</trkpt>
		<trkpt lat="40.476461" lon="-7.417266">
			<ele>0.00</ele>
			<time>2026-01-13T22:23:01.04Z</time>
		</trkpt>
		<trkpt lat="40.476429" lon="-7.417276">
			<ele>0.00</ele>
			<time>2026-01-13T22:23:01.27Z</time>
		</trkpt>
		<trkpt lat="40.476398" lon="-7.417280">
			<ele>0.00</ele>
			<time>2026-01-13T22:23:01.48Z</time>
		</trkpt>
		<trkpt lat="40.476034" lon="-7.417205">
			<ele>0.00</ele>
			<time>2026-01-13T22:23:03.93Z</time>
		</trkpt>
		<trkpt lat="40.475725" lon="-7.417089">
			<ele>0.00</ele>
			<time>2026-01-13T22:23:06.07Z</time>
		</trkpt>
		<trkpt lat="40.475714" lon="-7.417082">
			<ele>0.00</ele>
			<time>2026-01-13T22:23:06.16Z</time>
		</trkpt>
		<trkpt lat="40.475528" lon="-7.416907">
			<ele>0.00</ele>
			<time>2026-01-13T22:23:07.68Z</time>
		</trkpt>
		<trkpt lat="40.474267" lon="-7.415689">
			<ele>0.00</ele>
			<time>2026-01-13T22:23:18.11Z</time>
		</trkpt>
		<trkpt lat="40.473932" lon="-7.415368">
			<ele>0.00</ele>
			<time>2026-01-13T22:23:20.87Z</time>
		</trkpt>
		<trkpt lat="40.473415" lon="-7.415242">
			<ele>0.00</ele>
			<time>2026-01-13T22:23:24.38Z</time>
		</trkpt>
		<trkpt lat="40.472978" lon="-7.415151">
			<ele>0.00</ele>
			<time>2026-01-13T22:23:27.33Z</time>
		</trkpt>
		<trkpt lat="40.472845" lon="-7.415142">
			<ele>0.00</ele>
			<time>2026-01-13T22:23:28.22Z</time>
		</trkpt>
		<trkpt lat="40.472599" lon="-7.415175">
			<ele>0.00</ele>
			<time>2026-01-13T22:23:29.87Z</time>
		</trkpt>
		<trkpt lat="40.472450" lon="-7.415181">
			<ele>0.00</ele>
			<time>2026-01-13T22:23:30.86Z</time>
		</trkpt>
		<trkpt lat="40.471294" lon="-7.415128">
			<ele>0.00</ele>
			<time>2026-01-13T22:23:38.57Z</time>
		</trkpt>
		<trkpt lat="40.470924" lon="-7.415107">
			<ele>0.00</ele>
			<time>2026-01-13T22:23:41.04Z</time>
		</trkpt>
		<trkpt lat="40.470720" lon="-7.415088">
			<ele>0.00</ele>
			<time>2026-01-13T22:23:42.40Z</time>
		</trkpt>
		<trkpt lat="40.470715" lon="-7.415089">
			<ele>0.00</ele>
			<time>2026-01-13T22:23:42.46Z</time>
		</trkpt>
		<trkpt lat="40.470359" lon="-7.414971">
			<ele>0.00</ele>
			<time>2026-01-13T22:23:44.91Z</time>
		</trkpt>
		<trkpt lat="40.470039" lon="-7.414864">
			<ele>0.00</ele>
			<time>2026-01-13T22:23:47.12Z</time>
		</trkpt>
		<trkpt lat="40.469945" lon="-7.414733">
			<ele>0.00</ele>
			<time>2026-01-13T22:23:48.03Z</time>
		</trkpt>
		<trkpt lat="40.469973" lon="-7.414563">
			<ele>0.00</ele>
			<time>2026-01-13T22:23:48.91Z</time>
		</trkpt>
		<trkpt lat="40.470181" lon="-7.414452">
			<ele>0.00</ele>
			<time>2026-01-13T22:23:50.41Z</time>
		</trkpt>
		<trkpt lat="40.470505" lon="-7.414062">
			<ele>0.00</ele>
			<time>2026-01-13T22:23:53.33Z</time>
		</trkpt>
		<trkpt lat="40.470734" lon="-7.413739">
			<ele>0.00</ele>
			<time>2026-01-13T22:23:55.58Z</time>
		</trkpt>
		<trkpt lat="40.470928" lon="-7.413439">
			<ele>0.00</ele>
			<time>2026-01-13T22:23:57.57Z</time>
		</trkpt>
		<trkpt lat="40.471199" lon="-7.412817">
			<ele>0.00</ele>
			<time>2026-01-13T22:24:01.21Z</time>
		</trkpt>
		<trkpt lat="40.471239" lon="-7.412501">
			<ele>0.00</ele>
			<time>2026-01-13T22:24:02.83Z</time>
		</trkpt>
		<trkpt lat="40.471071" lon="-7.412247">
			<ele>0.00</ele>
			<time>2026-01-13T22:24:04.54Z</time>
		</trkpt>
		<trkpt lat="40.470642" lon="-7.411982">
			<ele>0.00</ele>
			<time>2026-01-13T22:24:07.70Z</time>
		</trkpt>
		<trkpt lat="40.470195" lon="-7.411832">
			<ele>0.00</ele>
			<time>2026-01-13T22:24:10.78Z</time>
		</trkpt>
		<trkpt lat="40.469698" lon="-7.411554">
			<ele>0.00</ele>
			<time>2026-01-13T22:24:14.38Z</time>
		</trkpt>
		<trkpt lat="40.469691" lon="-7.411548">
			<ele>0.00</ele>
			<time>2026-01-13T22:24:14.44Z</time>
		</trkpt>
		<trkpt lat="40.469028" lon="-7.411229">
			<ele>0.00</ele>
			<time>2026-01-13T22:24:19.14Z</time>
		</trkpt>
		<trkpt lat="40.468415" lon="-7.411102">
			<ele>0.00</ele>
			<time>2026-01-13T22:24:23.28Z</time>
		</trkpt>
		<trkpt lat="40.467054" lon="-7.410885">
			<ele>0.00</ele>
			<time>2026-01-13T22:24:32.42Z</time>
		</trkpt>
		<trkpt lat="40.466217" lon="-7.410923">
			<ele>0.00</ele>
			<time>2026-01-13T22:24:38Z</time>
		</trkpt>
		<trkpt lat="40.466198" lon="-7.410920">
			<ele>0.00</ele>
			<time>2026-01-13T22:24:38.13Z</time>
		</trkpt>
		<trkpt lat="40.465571" lon="-7.410940">
			<ele>0.00</ele>
			<time>2026-01-13T22:24:42.32Z</time>
		</trkpt>
		<trkpt lat="40.465530" lon="-7.410941">
			<ele>0.00</ele>
			<time>2026-01-13T22:24:42.59Z</time>
		</trkpt>
		<trkpt lat="40.465008" lon="-7.410934">
			<ele>0.00</ele>
			<time>2026-01-13T22:24:46.06Z</time>
		</trkpt>
		<trkpt lat="40.464473" lon="-7.410757">
			<ele>0.00</ele>
			<time>2026-01-13T22:24:49.75Z</time>
		</trkpt>
		<trkpt lat="40.464026" lon="-7.410511">
			<ele>0.00</ele>
			<time>2026-01-13T22:24:52.98Z</time>
		</trkpt>
		<trkpt lat="40.463632" lon="-7.410296">
			<ele>0.00</ele>
			<time>2026-01-13T22:24:55.82Z</time>
		</trkpt>
		<trkpt lat="40.463153" lon="-7.410009">
			<ele>0.00</ele>
			<time>2026-01-13T22:24:59.33Z</time>
		</trkpt>
		<trkpt lat="40.462672" lon="-7.409588">
			<ele>0.00</ele>
			<time>2026-01-13T22:25:03.18Z</time>
		</trkpt>
		<trkpt lat="40.462031" lon="-7.408752">
			<ele>0.00</ele>
			<time>2026-01-13T22:25:09.20Z</time>
		</trkpt>
		<trkpt lat="40.461440" lon="-7.408082">
			<ele>0.00</ele>
			<time>2026-01-13T22:25:14.41Z</time>
		</trkpt>
		<trkpt lat="40.461049" lon="-7.407541">
			<ele>0.00</ele>
			<time>2026-01-13T22:25:18.19Z</time>
		</trkpt>
		<trkpt lat="40.461047" lon="-7.407528">
			<ele>0.00</ele>
			<time>2026-01-13T22:25:18.26Z</time>
		</trkpt>
		<trkpt lat="40.461017" lon="-7.407501">
			<ele>0.00</ele>
			<time>2026-01-13T22:25:18.50Z</time>
		</trkpt>
		<trkpt lat="40.460976" lon="-7.407430">
			<ele>0.00</ele>
			<time>2026-01-13T22:25:18.95Z</time>
		</trkpt>
		<trkpt lat="40.460571" lon="-7.406896">
			<ele>0.00</ele>
			<time>2026-01-13T22:25:22.78Z</time>
		</trkpt>
		<trkpt lat="40.460546" lon="-7.406863">
			<ele>0.00</ele>
			<time>2026-01-13T22:25:23.01Z</time>
		</trkpt>
		<trkpt lat="40.460136" lon="-7.406274">
			<ele>0.00</ele>
			<time>2026-01-13T22:25:27.06Z</time>
		</trkpt>
		<trkpt lat="40.458909" lon="-7.404645">
			<ele>0.00</ele>
			<time>2026-01-13T22:25:38.69Z</time>
		</trkpt>
		<trkpt lat="40.458436" lon="-7.404082">
			<ele>0.00</ele>
			<time>2026-01-13T22:25:42.94Z</time>
		</trkpt>
		<trkpt lat="40.457909" lon="-7.403746">
			<ele>0.00</ele>
			<time>2026-01-13T22:25:46.85Z</time>
		</trkpt>
		<trkpt lat="40.457518" lon="-7.403520">
			<ele>0.00</ele>
			<time>2026-01-13T22:25:49.70Z</time>
		</trkpt>
		<trkpt lat="40.457467" lon="-7.403509">
			<ele>0.00</ele>
			<time>2026-01-13T22:25:50.04Z</time>
		</trkpt>
		<trkpt lat="40.457461" lon="-7.403504">
			<ele>0.00</ele>
			<time>2026-01-13T22:25:50.10Z</time>
		</trkpt>
		<trkpt lat="40.457201" lon="-7.403397">
			<ele>0.00</ele>
			<time>2026-01-13T22:25:51.92Z</time>
		</trkpt>
		<trkpt lat="40.457167" lon="-7.403390">
			<ele>0.00</ele>
			<time>2026-01-13T22:25:52.14Z</time>
		</trkpt>
		<trkpt lat="40.457107" lon="-7.403382">
			<ele>0.00</ele>
			<time>2026-01-13T22:25:52.55Z</time>
		</trkpt>
		<trkpt lat="40.457078" lon="-7.403368">
			<ele>0.00</ele>
			<time>2026-01-13T22:25:52.75Z</time>
		</trkpt>
		<trkpt lat="40.456556" lon="-7.403131">
			<ele>0.00</ele>
			<time>2026-01-13T22:25:56.43Z</time>
		</trkpt>
		<trkpt lat="40.455926" lon="-7.402785">
			<ele>0.00</ele>
			<time>2026-01-13T22:26:00.99Z</time>
		</trkpt>
		<trkpt lat="40.455530" lon="-7.402652">
			<ele>0.00</ele>
			<time>2026-01-13T22:26:03.72Z</time>
		</trkpt>
		<trkpt lat="40.454722" lon="-7.402333">
			<ele>0.00</ele>
			<time>2026-01-13T22:26:09.34Z</time>
		</trkpt>
		<trkpt lat="40.454697" lon="-7.402323">
			<ele>0.00</ele>
			<time>2026-01-13T22:26:09.51Z</time>
		</trkpt>
		<trkpt lat="40.454288" lon="-7.402141">
			<ele>0.00</ele>
			<time>2026-01-13T22:26:12.39Z</time>
		</trkpt>
		<trkpt lat="40.454281" lon="-7.402135">
			<ele>0.00</ele>
			<time>2026-01-13T22:26:12.45Z</time>
		</trkpt>
		<trkpt lat="40.454231" lon="-7.402034">
			<ele>0.00</ele>
			<time>2026-01-13T22:26:13.18Z</time>
		</trkpt>
		<trkpt lat="40.454099" lon="-7.402223">
			<ele>0.00</ele>
			<time>2026-01-13T22:26:15.07Z</time>
		</trkpt>
		<trkpt lat="40.454061" lon="-7.402358">
			<ele>0.00</ele>
			<time>2026-01-13T22:26:16.87Z</time>
		</trkpt>
		<trkpt lat="40.454059" lon="-7.402489">
			<ele>0.00</ele>
			<time>2026-01-13T22:26:18.37Z</time>
		</trkpt>
		<trkpt lat="40.454110" lon="-7.402832">
			<ele>0.00</ele>
			<time>2026-01-13T22:26:21.23Z</time>
		</trkpt>
		<trkpt lat="40.454186" lon="-7.403012">
			<ele>0.00</ele>
			<time>2026-01-13T22:26:21.94Z</time>
		</trkpt>
		<trkpt lat="40.454172" lon="-7.403168">
			<ele>0.00</ele>
			<time>2026-01-13T22:26:22.96Z</time>
		</trkpt>
		<trkpt lat="40.454121" lon="-7.403222">
			<ele>0.00</ele>
			<time>2026-01-13T22:26:24.12Z</time>
		</trkpt>
		<trkpt lat="40.454059" lon="-7.403247">
			<ele>0.00</ele>
			<time>2026-01-13T22:26:24.90Z</time>
		</trkpt>
		<trkpt lat="40.453949" lon="-7.403202">
			<ele>0.00</ele>
			<time>2026-01-13T22:26:26.66Z</time>
		</trkpt>
		<trkpt lat="40.453808" lon="-7.403134">
			<ele>0.00</ele>
			<time>2026-01-13T22:26:27.96Z</time>
		</trkpt>
		<trkpt lat="40.453616" lon="-7.403039">
			<ele>0.00</ele>
			<time>2026-01-13T22:26:29.39Z</time>
		</trkpt>
		<trkpt lat="40.453382" lon="-7.402994">
			<ele>0.00</ele>
			<time>2026-01-13T22:26:33.20Z</time>
		</trkpt>
		<trkpt lat="40.453149" lon="-7.402967">
			<ele>0.00</ele>
			<time>2026-01-13T22:26:37.02Z</time>
		</trkpt>
		<trkpt lat="40.452600" lon="-7.402945">
			<ele>0.00</ele>
			<time>2026-01-13T22:26:39.53Z</time>
		</trkpt>
		<trkpt lat="40.452463" lon="-7.402934">
			<ele>0.00</ele>
			<time>2026-01-13T22:26:40.26Z</time>
		</trkpt>
		<trkpt lat="40.452230" lon="-7.402972">
			<ele>0.00</ele>
			<time>2026-01-13T22:26:41.89Z</time>
		</trkpt>
		<trkpt lat="40.451979" lon="-7.403098">
			<ele>0.00</ele>
			<time>2026-01-13T22:26:43.30Z</time>
		</trkpt>
		<trkpt lat="40.451766" lon="-7.403240">
			<ele>0.00</ele>
			<time>2026-01-13T22:26:43.32Z</time>
		</trkpt>
		<trkpt lat="40.451531" lon="-7.403347">
			<ele>0.00</ele>
			<time>2026-01-13T22:26:43.34Z</time>
		</trkpt>
		<trkpt lat="40.451321" lon="-7.403395">
			<ele>0.00</ele>
			<time>2026-01-13T22:26:43.36Z</time>
		</trkpt>
		<trkpt lat="40.451170" lon="-7.403481">
			<ele>0.00</ele>
			<time>2026-01-13T22:26:44.43Z</time>
		</trkpt>
		<trkpt lat="40.451065" lon="-7.403576">
			<ele>0.00</ele>
			<time>2026-01-13T22:26:45.33Z</time>
		</trkpt>
		<trkpt lat="40.450984" lon="-7.403694">
			<ele>0.00</ele>
			<time>2026-01-13T22:26:46.28Z</time>
		</trkpt>
		<trkpt lat="40.450945" lon="-7.403881">
			<ele>0.00</ele>
			<time>2026-01-13T22:26:47.30Z</time>
		</trkpt>
		<trkpt lat="40.450960" lon="-7.404080">
			<ele>0.00</ele>
			<time>2026-01-13T22:26:48.27Z</time>
		</trkpt>
		<trkpt lat="40.451048" lon="-7.404281">
			<ele>0.00</ele>
			<time>2026-01-13T22:26:49.41Z</time>
		</trkpt>
		<trkpt lat="40.451296" lon="-7.404926">
			<ele>0.00</ele>
			<time>2026-01-13T22:26:51.73Z</time>
		</trkpt>
		<trkpt lat="40.451479" lon="-7.405563">
			<ele>0.00</ele>
			<time>2026-01-13T22:26:52.52Z</time>
		</trkpt>
		<trkpt lat="40.451546" lon="-7.405903">
			<ele>0.00</ele>
			<time>2026-01-13T22:26:54.31Z</time>
		</trkpt>
		<trkpt lat="40.451557" lon="-7.406121">
			<ele>0.00</ele>
			<time>2026-01-13T22:26:54.44Z</time>
		</trkpt>
		<trkpt lat="40.451516" lon="-7.406383">
			<ele>0.00</ele>
			<time>2026-01-13T22:26:56.82Z</time>
		</trkpt>
		<trkpt lat="40.451507" lon="-7.406461">
			<ele>0.00</ele>
			<time>2026-01-13T22:26:59.59Z</time>
		</trkpt>
		<trkpt lat="40.451394" lon="-7.406432">
			<ele>0.00</ele>
			<time>2026-01-13T22:26:59.74Z</time>
		</trkpt>
		<trkpt lat="40.451050" lon="-7.406235">
			<ele>0.00</ele>
			<time>2026-01-13T22:27:00.01Z</time>
		</trkpt>
		<trkpt lat="40.450900" lon="-7.406273">
			<ele>0.00</ele>
			<time>2026-01-13T22:27:01.66Z</time>
		</trkpt>
		<trkpt lat="40.450849" lon="-7.406448">
			<ele>0.00</ele>
			<time>2026-01-13T22:27:02.94Z</time>
		</trkpt>
		<trkpt lat="40.450815" lon="-7.406590">
			<ele>0.00</ele>
			<time>2026-01-13T22:27:04.01Z</time>
		</trkpt>
		<trkpt lat="40.450813" lon="-7.406884">
			<ele>0.00</ele>
			<time>2026-01-13T22:27:04.07Z</time>
		</trkpt>
		<trkpt lat="40.450840" lon="-7.406987">
			<ele>0.00</ele>
			<time>2026-01-13T22:27:05.03Z</time>
		</trkpt>
		<trkpt lat="40.450847" lon="-7.407128">
			<ele>0.00</ele>
			<time>2026-01-13T22:27:06.33Z</time>
		</trkpt>
		<trkpt lat="40.450746" lon="-7.407183">
			<ele>0.00</ele>
			<time>2026-01-13T22:27:07.41Z</time>
		</trkpt>
		<trkpt lat="40.450582" lon="-7.407065">
			<ele>0.00</ele>
			<time>2026-01-13T22:27:08.30Z</time>
		</trkpt>
		<trkpt lat="40.450203" lon="-7.406612">
			<ele>0.00</ele>
			<time>2026-01-13T22:27:10.94Z</time>
		</trkpt>
		<trkpt lat="40.450019" lon="-7.406490">
			<ele>0.00</ele>
			<time>2026-01-13T22:27:11.71Z</time>
		</trkpt>
		<trkpt lat="40.449733" lon="-7.406177">
			<ele>0.00</ele>
			<time>2026-01-13T22:27:13.17Z</time>
		</trkpt>
		<trkpt lat="40.449530" lon="-7.405812">
			<ele>0.00</ele>
			<time>2026-01-13T22:27:13.28Z</time>
		</trkpt>
		<trkpt lat="40.449438" lon="-7.405573">
			<ele>0.00</ele>
			<time>2026-01-13T22:27:14.28Z</time>
		</trkpt>
		<trkpt lat="40.449392" lon="-7.405461">
			<ele>0.00</ele>
			<time>2026-01-13T22:27:15Z</time>
		</trkpt>
		<trkpt lat="40.449182" lon="-7.405346">
			<ele>0.00</ele>
			<time>2026-01-13T22:27:15.18Z</time>
		</trkpt>
		<trkpt lat="40.449029" lon="-7.405272">
			<ele>0.00</ele>
			<time>2026-01-13T22:27:16.25Z</time>
		</trkpt>
		<trkpt lat="40.448919" lon="-7.405260">
			<ele>0.00</ele>
			<time>2026-01-13T22:27:17.04Z</time>
		</trkpt>
		<trkpt lat="40.448767" lon="-7.405237">
			<ele>0.00</ele>
			<time>2026-01-13T22:27:17.75Z</time>
		</trkpt>
		<trkpt lat="40.448344" lon="-7.404779">
			<ele>0.00</ele>
			<time>2026-01-13T22:27:18.32Z</time>
		</trkpt>
		<trkpt lat="40.448129" lon="-7.404563">
			<ele>0.00</ele>
			<time>2026-01-13T22:27:18.61Z</time>
		</trkpt>
		<trkpt lat="40.447770" lon="-7.404274">
			<ele>0.00</ele>
			<time>2026-01-13T22:27:20.97Z</time>
		</trkpt>
		<trkpt lat="40.447671" lon="-7.404208">
			<ele>0.00</ele>
			<time>2026-01-13T22:27:21.22Z</time>
		</trkpt>
		<trkpt lat="40.447561" lon="-7.404165">
			<ele>0.00</ele>
			<time>2026-01-13T22:27:21.48Z</time>
		</trkpt>
		<trkpt lat="40.447462" lon="-7.404133">
			<ele>0.00</ele>
			<time>2026-01-13T22:27:21.70Z</time>
		</trkpt>
		<trkpt lat="40.447397" lon="-7.404023">
			<ele>0.00</ele>
			<time>2026-01-13T22:27:21.87Z</time>
		</trkpt>
		<trkpt lat="40.447364" lon="-7.403878">
			<ele>0.00</ele>
			<time>2026-01-13T22:27:22.16Z</time>
		</trkpt>
		<trkpt lat="40.447377" lon="-7.403722">
			<ele>0.00</ele>
			<time>2026-01-13T22:27:22.40Z</time>
		</trkpt>
		<trkpt lat="40.447380" lon="-7.403467">
			<ele>0.00</ele>
			<time>2026-01-13T22:27:22.50Z</time>
		</trkpt>
		<trkpt lat="40.447374" lon="-7.403274">
			<ele>0.00</ele>
			<time>2026-01-13T22:27:22.58Z</time>
		</trkpt>
		<trkpt lat="40.447346" lon="-7.403083">
			<ele>0.00</ele>
			<time>2026-01-13T22:27:22.67Z</time>
		</trkpt>
		<trkpt lat="40.447289" lon="-7.402814">
			<ele>0.00</ele>
			<time>2026-01-13T22:27:22.68Z</time>
		</trkpt>
		<trkpt lat="40.447136" lon="-7.401862">
			<ele>0.00</ele>
			<time>2026-01-13T22:27:22.71Z</time>
		</trkpt>
		<trkpt lat="40.447199" lon="-7.401698">
			<ele>0.00</ele>
			<time>2026-01-13T22:27:22.72Z</time>
		</trkpt>
		<trkpt lat="40.447319" lon="-7.401547">
			<ele>0.00</ele>
			<time>2026-01-13T22:27:22.73Z</time>
		</trkpt>
		<trkpt lat="40.447431" lon="-7.401116">
			<ele>0.00</ele>
			<time>2026-01-13T22:27:23.16Z</time>
		</trkpt>
		<trkpt lat="40.447559" lon="-7.400700">
			<ele>0.00</ele>
			<time>2026-01-13T22:27:23.75Z</time>
		</trkpt>
		<trkpt lat="40.447644" lon="-7.400520">
			<ele>0.00</ele>
			<time>2026-01-13T22:27:23.76Z</time>
		</trkpt>
		<trkpt lat="40.447918" lon="-7.400099">
			<ele>0.00</ele>
			<time>2026-01-13T22:27:23.81Z</time>
		</trkpt>
		<trkpt lat="40.448120" lon="-7.399885">
			<ele>0.00</ele>
			<time>2026-01-13T22:27:24.40Z</time>
		</trkpt>
		<trkpt lat="40.448239" lon="-7.399790">
			<ele>0.00</ele>
			<time>2026-01-13T22:27:24.75Z</time>
		</trkpt>
		<trkpt lat="40.448322" lon="-7.399735">
			<ele>0.00</ele>
			<time>2026-01-13T22:27:25Z</time>
		</trkpt>
		<trkpt lat="40.448499" lon="-7.399638">
			<ele>0.00</ele>
			<time>2026-01-13T22:27:26.34Z</time>
		</trkpt>
		<trkpt lat="40.448572" lon="-7.399609">
			<ele>0.00</ele>
			<time>2026-01-13T22:27:26.89Z</time>
		</trkpt>
		<trkpt lat="40.448655" lon="-7.399457">
			<ele>0.00</ele>
			<time>2026-01-13T22:27:28.33Z</time>
		</trkpt>
		<trkpt lat="40.448652" lon="-7.399397">
			<ele>0.00</ele>
			<time>2026-01-13T22:27:29.13Z</time>
		</trkpt>
		<trkpt lat="40.448650" lon="-7.399302">
			<ele>0.00</ele>
			<time>2026-01-13T22:27:29.66Z</time>
		</trkpt>
		<trkpt lat="40.448589" lon="-7.399194">
			<ele>0.00</ele>
			<time>2026-01-13T22:27:30.49Z</time>
		</trkpt>
		<trkpt lat="40.448519" lon="-7.399061">
			<ele>0.00</ele>
			<time>2026-01-13T22:27:31.33Z</time>
		</trkpt>
		<trkpt lat="40.448454" lon="-7.398920">
			<ele>0.00</ele>
			<time>2026-01-13T22:27:32Z</time>
		</trkpt>
		<trkpt lat="40.448412" lon="-7.398815">
			<ele>0.00</ele>
			<time>2026-01-13T22:27:32.60Z</time>
		</trkpt>
		<trkpt lat="40.448363" lon="-7.398681">
			<ele>0.00</ele>
			<time>2026-01-13T22:27:33.49Z</time>
		</trkpt>
		<trkpt lat="40.448096" lon="-7.398265">
			<ele>0.00</ele>
			<time>2026-01-13T22:27:36.28Z</time>
		</trkpt>
		<trkpt lat="40.447887" lon="-7.397946">
			<ele>0.00</ele>
			<time>2026-01-13T22:27:38.38Z</time>
		</trkpt>
		<trkpt lat="40.447790" lon="-7.397773">
			<ele>0.00</ele>
			<time>2026-01-13T22:27:39.47Z</time>
		</trkpt>
		<trkpt lat="40.447756" lon="-7.397675">
			<ele>0.00</ele>
			<time>2026-01-13T22:27:39.96Z</time>
		</trkpt>
		<trkpt lat="40.447676" lon="-7.397459">
			<ele>0.00</ele>
			<time>2026-01-13T22:27:41.23Z</time>
		</trkpt>
		<trkpt lat="40.447619" lon="-7.397293">
			<ele>0.00</ele>
			<time>2026-01-13T22:27:42.51Z</time>
		</trkpt>
		<trkpt lat="40.447701" lon="-7.397022">
			<ele>0.00</ele>
			<time>2026-01-13T22:27:43.83Z</time>
		</trkpt>
		<trkpt lat="40.447840" lon="-7.396654">
			<ele>0.00</ele>
			<time>2026-01-13T22:27:45.71Z</time>
		</trkpt>
		<trkpt lat="40.447951" lon="-7.396395">
			<ele>0.00</ele>
			<time>2026-01-13T22:27:47.22Z</time>
		</trkpt>
		<trkpt lat="40.448118" lon="-7.396227">
			<ele>0.00</ele>
			<time>2026-01-13T22:27:48.63Z</time>
		</trkpt>
		<trkpt lat="40.448429" lon="-7.395943">
			<ele>0.00</ele>
			<time>2026-01-13T22:27:51.15Z</time>
		</trkpt>
		<trkpt lat="40.448762" lon="-7.395804">
			<ele>0.00</ele>
			<time>2026-01-13T22:27:53.48Z</time>
		</trkpt>
		<trkpt lat="40.448980" lon="-7.395644">
			<ele>0.00</ele>
			<time>2026-01-13T22:27:55.14Z</time>
		</trkpt>
		<trkpt lat="40.449061" lon="-7.395400">
			<ele>0.00</ele>
			<time>2026-01-13T22:27:56.49Z</time>
		</trkpt>
		<trkpt lat="40.449284" lon="-7.394784">
			<ele>0.00</ele>
			<time>2026-01-13T22:27:59.95Z</time>
		</trkpt>
		<trkpt lat="40.449451" lon="-7.394277">
			<ele>0.00</ele>
			<time>2026-01-13T22:28:02.76Z</time>
		</trkpt>
		<trkpt lat="40.449599" lon="-7.393944">
			<ele>0.00</ele>
			<time>2026-01-13T22:28:04.71Z</time>
		</trkpt>
		<trkpt lat="40.449991" lon="-7.393608">
			<ele>0.00</ele>
			<time>2026-01-13T22:28:07.83Z</time>
		</trkpt>
		<trkpt lat="40.450525" lon="-7.392990">
			<ele>0.00</ele>
			<time>2026-01-13T22:28:12.58Z</time>
		</trkpt>
		<trkpt lat="40.450864" lon="-7.392551">
			<ele>0.00</ele>
			<time>2026-01-13T22:28:15.75Z</time>
		</trkpt>
		<trkpt lat="40.451188" lon="-7.392157">
			<ele>0.00</ele>
			<time>2026-01-13T22:28:18.69Z</time>
		</trkpt>
		<trkpt lat="40.451430" lon="-7.391713">
			<ele>0.00</ele>
			<time>2026-01-13T22:28:21.46Z</time>
		</trkpt>
		<trkpt lat="40.451614" lon="-7.391359">
			<ele>0.00</ele>
			<time>2026-01-13T22:28:23.63Z</time>
		</trkpt>
		<trkpt lat="40.451617" lon="-7.391341">
			<ele>0.00</ele>
			<time>2026-01-13T22:28:23.73Z</time>
		</trkpt>
		<trkpt lat="40.451725" lon="-7.391132">
			<ele>0.00</ele>
			<time>2026-01-13T22:28:25.01Z</time>
		</trkpt>
		<trkpt lat="40.451959" lon="-7.390950">
			<ele>0.00</ele>
			<time>2026-01-13T22:28:26.83Z</time>
		</trkpt>
		<trkpt lat="40.452173" lon="-7.390775">
			<ele>0.00</ele>
			<time>2026-01-13T22:28:28.51Z</time>
		</trkpt>
		<trkpt lat="40.452531" lon="-7.390375">
			<ele>0.00</ele>
			<time>2026-01-13T22:28:31.64Z</time>
		</trkpt>
		<trkpt lat="40.452646" lon="-7.389877">
			<ele>0.00</ele>
			<time>2026-01-13T22:28:34.28Z</time>
		</trkpt>
		<trkpt lat="40.452970" lon="-7.389257">
			<ele>0.00</ele>
			<time>2026-01-13T22:28:38.09Z</time>
		</trkpt>
		<trkpt lat="40.453186" lon="-7.388757">
			<ele>0.00</ele>
			<time>2026-01-13T22:28:41.01Z</time>
		</trkpt>
		<trkpt lat="40.453189" lon="-7.388725">
			<ele>0.00</ele>
			<time>2026-01-13T22:28:41.17Z</time>
		</trkpt>
		<trkpt lat="40.453427" lon="-7.388250">
			<ele>0.00</ele>
			<time>2026-01-13T22:28:44.06Z</time>
		</trkpt>
		<trkpt lat="40.453540" lon="-7.387833">
			<ele>0.00</ele>
			<time>2026-01-13T22:28:46.31Z</time>
		</trkpt>
		<trkpt lat="40.453559" lon="-7.387470">
			<ele>0.00</ele>
			<time>2026-01-13T22:28:48.15Z</time>
		</trkpt>
		<trkpt lat="40.453615" lon="-7.387251">
			<ele>0.00</ele>
			<time>2026-01-13T22:28:49.32Z</time>
		</trkpt>
		<trkpt lat="40.454056" lon="-7.386860">
			<ele>0.00</ele>
			<time>2026-01-13T22:28:52.87Z</time>
		</trkpt>
		<trkpt lat="40.454270" lon="-7.386718">
			<ele>0.00</ele>
			<time>2026-01-13T22:28:54.47Z</time>
		</trkpt>
		<trkpt lat="40.454512" lon="-7.386279">
			<ele>0.00</ele>
			<time>2026-01-13T22:28:57.22Z</time>
		</trkpt>
		<trkpt lat="40.454640" lon="-7.385973">
			<ele>0.00</ele>
			<time>2026-01-13T22:28:58.99Z</time>
		</trkpt>
		<trkpt lat="40.454808" lon="-7.385672">
			<ele>0.00</ele>
			<time>2026-01-13T22:29:00.88Z</time>
		</trkpt>
		<trkpt lat="40.455270" lon="-7.384915">
			<ele>0.00</ele>
			<time>2026-01-13T22:29:05.81Z</time>
		</trkpt>
		<trkpt lat="40.455598" lon="-7.384464">
			<ele>0.00</ele>
			<time>2026-01-13T22:29:08.97Z</time>
		</trkpt>
		<trkpt lat="40.455798" lon="-7.384066">
			<ele>0.00</ele>
			<time>2026-01-13T22:29:11.39Z</time>
		</trkpt>
		<trkpt lat="40.456038" lon="-7.383628">
			<ele>0.00</ele>
			<time>2026-01-13T22:29:14.13Z</time>
		</trkpt>
		<trkpt lat="40.456044" lon="-7.383617">
			<ele>0.00</ele>
			<time>2026-01-13T22:29:14.20Z</time>
		</trkpt>
		<trkpt lat="40.456341" lon="-7.383174">
			<ele>0.00</ele>
			<time>2026-01-13T22:29:17.20Z</time>
		</trkpt>
		<trkpt lat="40.456342" lon="-7.383026">
			<ele>0.00</ele>
			<time>2026-01-13T22:29:17.95Z</time>
		</trkpt>
		<trkpt lat="40.456435" lon="-7.382772">
			<ele>0.00</ele>
			<time>2026-01-13T22:29:19.38Z</time>
		</trkpt>
		<trkpt lat="40.456439" lon="-7.382760">
			<ele>0.00</ele>
			<time>2026-01-13T22:29:19.44Z</time>
		</trkpt>
		<trkpt lat="40.456599" lon="-7.382490">
			<ele>0.00</ele>
			<time>2026-01-13T22:29:21.18Z</time>
		</trkpt>
		<trkpt lat="40.456749" lon="-7.382099">
			<ele>0.00</ele>
			<time>2026-01-13T22:29:23.40Z</time>
		</trkpt>
		<trkpt lat="40.456755" lon="-7.382092">
			<ele>0.00</ele>
			<time>2026-01-13T22:29:23.46Z</time>
		</trkpt>
		<trkpt lat="40.456844" lon="-7.381807">
			<ele>0.00</ele>
			<time>2026-01-13T22:29:25.02Z</time>
		</trkpt>
		<trkpt lat="40.456845" lon="-7.381791">
			<ele>0.00</ele>
			<time>2026-01-13T22:29:25.10Z</time>
		</trkpt>
		<trkpt lat="40.456918" lon="-7.381457">
			<ele>0.00</ele>
			<time>2026-01-13T22:29:26.86Z</time>
		</trkpt>
		<trkpt lat="40.456920" lon="-7.381425">
			<ele>0.00</ele>
			<time>2026-01-13T22:29:27.02Z</time>
		</trkpt>
		<trkpt lat="40.456924" lon="-7.381398">
			<ele>0.00</ele>
			<time>2026-01-13T22:29:27.16Z</time>
		</trkpt>
		<trkpt lat="40.456977" lon="-7.381139">
			<ele>0.00</ele>
			<time>2026-01-13T22:29:28.53Z</time>
		</trkpt>
		<trkpt lat="40.457041" lon="-7.380736">
			<ele>0.00</ele>
			<time>2026-01-13T22:29:30.62Z</time>
		</trkpt>
		<trkpt lat="40.457040" lon="-7.380700">
			<ele>0.00</ele>
			<time>2026-01-13T22:29:30.79Z</time>
		</trkpt>
		<trkpt lat="40.457073" lon="-7.380466">
			<ele>0.00</ele>
			<time>2026-01-13T22:29:32Z</time>
		</trkpt>
		<trkpt lat="40.457072" lon="-7.380439">
			<ele>0.00</ele>
			<time>2026-01-13T22:29:32.14Z</time>
		</trkpt>
		<trkpt lat="40.457075" lon="-7.380427">
			<ele>0.00</ele>
			<time>2026-01-13T22:29:32.21Z</time>
		</trkpt>
		<trkpt lat="40.457113" lon="-7.380159">
			<ele>0.00</ele>
			<time>2026-01-13T22:29:33.59Z</time>
		</trkpt>
		<trkpt lat="40.457117" lon="-7.380141">
			<ele>0.00</ele>
			<time>2026-01-13T22:29:33.69Z</time>
		</trkpt>
		<trkpt lat="40.457125" lon="-7.380095">
			<ele>0.00</ele>
			<time>2026-01-13T22:29:33.92Z</time>
		</trkpt>
		<trkpt lat="40.457135" lon="-7.380069">
			<ele>0.00</ele>
			<time>2026-01-13T22:29:34.07Z</time>
		</trkpt>
		<trkpt lat="40.457193" lon="-7.379842">
			<ele>0.00</ele>
			<time>2026-01-13T22:29:35.28Z</time>
		</trkpt>
		<trkpt lat="40.457194" lon="-7.379827">
			<ele>0.00</ele>
			<time>2026-01-13T22:29:35.36Z</time>
		</trkpt>
		<trkpt lat="40.457196" lon="-7.379803">
			<ele>0.00</ele>
			<time>2026-01-13T22:29:35.49Z</time>
		</trkpt>
		<trkpt lat="40.457295" lon="-7.379464">
			<ele>0.00</ele>
			<time>2026-01-13T22:29:37.33Z</time>
		</trkpt>
		<trkpt lat="40.457298" lon="-7.379461">
			<ele>0.00</ele>
			<time>2026-01-13T22:29:37.39Z</time>
		</trkpt>
		<trkpt lat="40.457358" lon="-7.379306">
			<ele>0.00</ele>
			<time>2026-01-13T22:29:38.27Z</time>
		</trkpt>
		<trkpt lat="40.457388" lon="-7.378996">
			<ele>0.00</ele>
			<time>2026-01-13T22:29:39.85Z</time>
		</trkpt>
		<trkpt lat="40.457480" lon="-7.378730">
			<ele>0.00</ele>
			<time>2026-01-13T22:29:41.33Z</time>
		</trkpt>
		<trkpt lat="40.457529" lon="-7.378524">
			<ele>0.00</ele>
			<time>2026-01-13T22:29:42.43Z</time>
		</trkpt>
		<trkpt lat="40.457525" lon="-7.378500">
			<ele>0.00</ele>
			<time>2026-01-13T22:29:42.56Z</time>
		</trkpt>
		<trkpt lat="40.457511" lon="-7.378231">
			<ele>0.00</ele>
			<time>2026-01-13T22:29:43.93Z</time>
		</trkpt>
		<trkpt lat="40.457415" lon="-7.377957">
			<ele>0.00</ele>
			<time>2026-01-13T22:29:45.45Z</time>
		</trkpt>
		<trkpt lat="40.457285" lon="-7.377738">
			<ele>0.00</ele>
			<time>2026-01-13T22:29:46.86Z</time>
		</trkpt>
		<trkpt lat="40.457267" lon="-7.377715">
			<ele>0.00</ele>
			<time>2026-01-13T22:29:47.03Z</time>
		</trkpt>
		<trkpt lat="40.457178" lon="-7.377510">
			<ele>0.00</ele>
			<time>2026-01-13T22:29:48.23Z</time>
		</trkpt>
		<trkpt lat="40.457175" lon="-7.377505">
			<ele>0.00</ele>
			<time>2026-01-13T22:29:48.29Z</time>
		</trkpt>
		<trkpt lat="40.457111" lon="-7.377199">
			<ele>0.00</ele>
			<time>2026-01-13T22:29:49.90Z</time>
		</trkpt>
		<trkpt lat="40.457168" lon="-7.376964">
			<ele>0.00</ele>
			<time>2026-01-13T22:29:51.15Z</time>
		</trkpt>
		<trkpt lat="40.457346" lon="-7.376731">
			<ele>0.00</ele>
			<time>2026-01-13T22:29:52.82Z</time>
		</trkpt>
		<trkpt lat="40.457416" lon="-7.376546">
			<ele>0.00</ele>
			<time>2026-01-13T22:29:53.87Z</time>
		</trkpt>
		<trkpt lat="40.457419" lon="-7.376534">
			<ele>0.00</ele>
			<time>2026-01-13T22:29:53.93Z</time>
		</trkpt>
		<trkpt lat="40.457525" lon="-7.376371">
			<ele>0.00</ele>
			<time>2026-01-13T22:29:55.02Z</time>
		</trkpt>
		<trkpt lat="40.457511" lon="-7.376235">
			<ele>0.00</ele>
			<time>2026-01-13T22:29:55.72Z</time>
		</trkpt>
		<trkpt lat="40.457505" lon="-7.376220">
			<ele>0.00</ele>
			<time>2026-01-13T22:29:55.80Z</time>
		</trkpt>
		<trkpt lat="40.457459" lon="-7.376105">
			<ele>0.00</ele>
			<time>2026-01-13T22:29:56.46Z</time>
		</trkpt>
		<trkpt lat="40.457453" lon="-7.376098">
			<ele>0.00</ele>
			<time>2026-01-13T22:29:56.52Z</time>
		</trkpt>
		<trkpt lat="40.457378" lon="-7.375932">
			<ele>0.00</ele>
			<time>2026-01-13T22:29:57.50Z</time>
		</trkpt>
		<trkpt lat="40.457375" lon="-7.375928">
			<ele>0.00</ele>
			<time>2026-01-13T22:29:57.56Z</time>
		</trkpt>
		<trkpt lat="40.457362" lon="-7.375761">
			<ele>0.00</ele>
			<time>2026-01-13T22:29:58.41Z</time>
		</trkpt>
		<trkpt lat="40.457362" lon="-7.375753">
			<ele>0.00</ele>
			<time>2026-01-13T22:29:58.47Z</time>
		</trkpt>
		<trkpt lat="40.457394" lon="-7.375679">
			<ele>0.00</ele>
			<time>2026-01-13T22:29:58.90Z</time>
		</trkpt>
		<trkpt lat="40.457538" lon="-7.375603">
			<ele>0.00</ele>
			<time>2026-01-13T22:29:59.93Z</time>
		</trkpt>
		<trkpt lat="40.457606" lon="-7.375466">
			<ele>0.00</ele>
			<time>2026-01-13T22:30:00.77Z</time>
		</trkpt>
		<trkpt lat="40.457681" lon="-7.375273">
			<ele>0.00</ele>
			<time>2026-01-13T22:30:01.86Z</time>
		</trkpt>
		<trkpt lat="40.457707" lon="-7.375018">
			<ele>0.00</ele>
			<time>2026-01-13T22:30:03.17Z</time>
		</trkpt>
		<trkpt lat="40.457733" lon="-7.374801">
			<ele>0.00</ele>
			<time>2026-01-13T22:30:04.29Z</time>
		</trkpt>
		<trkpt lat="40.457817" lon="-7.374625">
			<ele>0.00</ele>
			<time>2026-01-13T22:30:05.34Z</time>
		</trkpt>
		<trkpt lat="40.457890" lon="-7.374452">
			<ele>0.00</ele>
			<time>2026-01-13T22:30:06.34Z</time>
		</trkpt>
		<trkpt lat="40.457898" lon="-7.374433">
			<ele>0.00</ele>
			<time>2026-01-13T22:30:06.45Z</time>
		</trkpt>
		<trkpt lat="40.457965" lon="-7.374285">
			<ele>0.00</ele>
			<time>2026-01-13T22:30:07.33Z</time>
		</trkpt>
		<trkpt lat="40.458069" lon="-7.373968">
			<ele>0.00</ele>
			<time>2026-01-13T22:30:09.08Z</time>
		</trkpt>
		<trkpt lat="40.458047" lon="-7.373613">
			<ele>0.00</ele>
			<time>2026-01-13T22:30:10.88Z</time>
		</trkpt>
		<trkpt lat="40.457999" lon="-7.373219">
			<ele>0.00</ele>
			<time>2026-01-13T22:30:12.91Z</time>
		</trkpt>
		<trkpt lat="40.457997" lon="-7.373206">
			<ele>0.00</ele>
			<time>2026-01-13T22:30:12.98Z</time>
		</trkpt>
		<trkpt lat="40.457977" lon="-7.372924">
			<ele>0.00</ele>
			<time>2026-01-13T22:30:14.41Z</time>
		</trkpt>
		<trkpt lat="40.457979" lon="-7.372754">
			<ele>0.00</ele>
			<time>2026-01-13T22:30:15.27Z</time>
		</trkpt>
		<trkpt lat="40.458149" lon="-7.372405">
			<ele>0.00</ele>
			<time>2026-01-13T22:30:17.37Z</time>
		</trkpt>
		<trkpt lat="40.458459" lon="-7.372001">
			<ele>0.00</ele>
			<time>2026-01-13T22:30:20.29Z</time>
		</trkpt>
		<trkpt lat="40.458537" lon="-7.371790">
			<ele>0.00</ele>
			<time>2026-01-13T22:30:21.48Z</time>
		</trkpt>
		<trkpt lat="40.458598" lon="-7.371682">
			<ele>0.00</ele>
			<time>2026-01-13T22:30:22.16Z</time>
		</trkpt>
		<trkpt lat="40.458612" lon="-7.371548">
			<ele>0.00</ele>
			<time>2026-01-13T22:30:22.85Z</time>
		</trkpt>
		<trkpt lat="40.458609" lon="-7.371543">
			<ele>0.00</ele>
			<time>2026-01-13T22:30:22.91Z</time>
		</trkpt>
		<trkpt lat="40.458578" lon="-7.371448">
			<ele>0.00</ele>
			<time>2026-01-13T22:30:23.43Z</time>
		</trkpt>
		<trkpt lat="40.458536" lon="-7.371326">
			<ele>0.00</ele>
			<time>2026-01-13T22:30:24.11Z</time>
		</trkpt>
		<trkpt lat="40.458594" lon="-7.371247">
			<ele>0.00</ele>
			<time>2026-01-13T22:30:24.66Z</time>
		</trkpt>
		<trkpt lat="40.458688" lon="-7.371098">
			<ele>0.00</ele>
			<time>2026-01-13T22:30:25.65Z</time>
		</trkpt>
		<trkpt lat="40.458693" lon="-7.370985">
			<ele>0.00</ele>
			<time>2026-01-13T22:30:26.22Z</time>
		</trkpt>
		<trkpt lat="40.458662" lon="-7.370774">
			<ele>0.00</ele>
			<time>2026-01-13T22:30:27.31Z</time>
		</trkpt>
		<trkpt lat="40.458638" lon="-7.370628">
			<ele>0.00</ele>
			<time>2026-01-13T22:30:28.07Z</time>
		</trkpt>
		<trkpt lat="40.458648" lon="-7.370498">
			<ele>0.00</ele>
			<time>2026-01-13T22:30:28.73Z</time>
		</trkpt>
		<trkpt lat="40.458652" lon="-7.370494">
			<ele>0.00</ele>
			<time>2026-01-13T22:30:28.79Z</time>
		</trkpt>
		<trkpt lat="40.458723" lon="-7.370364">
			<ele>0.00</ele>
			<time>2026-01-13T22:30:29.60Z</time>
		</trkpt>
		<trkpt lat="40.458744" lon="-7.370321">
			<ele>0.00</ele>
			<time>2026-01-13T22:30:29.86Z</time>
		</trkpt>
		<trkpt lat="40.458785" lon="-7.370205">
			<ele>0.00</ele>
			<time>2026-01-13T22:30:30.51Z</time>
		</trkpt>
		<trkpt lat="40.458798" lon="-7.370150">
			<ele>0.00</ele>
			<time>2026-01-13T22:30:30.80Z</time>
		</trkpt>
		<trkpt lat="40.458774" lon="-7.369899">
			<ele>0.00</ele>
			<time>2026-01-13T22:30:32.09Z</time>
		</trkpt>
		<trkpt lat="40.458680" lon="-7.369642">
			<ele>0.00</ele>
			<time>2026-01-13T22:30:33.53Z</time>
		</trkpt>
		<trkpt lat="40.458638" lon="-7.369396">
			<ele>0.00</ele>
			<time>2026-01-13T22:30:34.81Z</time>
		</trkpt>
		<trkpt lat="40.458639" lon="-7.369386">
			<ele>0.00</ele>
			<time>2026-01-13T22:30:34.87Z</time>
		</trkpt>
		<trkpt lat="40.458695" lon="-7.369224">
			<ele>0.00</ele>
			<time>2026-01-13T22:30:35.78Z</time>
		</trkpt>
		<trkpt lat="40.458745" lon="-7.369044">
			<ele>0.00</ele>
			<time>2026-01-13T22:30:36.75Z</time>
		</trkpt>
		<trkpt lat="40.458750" lon="-7.369030">
			<ele>0.00</ele>
			<time>2026-01-13T22:30:36.83Z</time>
		</trkpt>
		<trkpt lat="40.458844" lon="-7.368790">
			<ele>0.00</ele>
			<time>2026-01-13T22:30:38.20Z</time>
		</trkpt>
		<trkpt lat="40.458848" lon="-7.368776">
			<ele>0.00</ele>
			<time>2026-01-13T22:30:38.27Z</time>
		</trkpt>
		<trkpt lat="40.458923" lon="-7.368562">
			<ele>0.00</ele>
			<time>2026-01-13T22:30:39.47Z</time>
		</trkpt>
		<trkpt lat="40.458969" lon="-7.368418">
			<ele>0.00</ele>
			<time>2026-01-13T22:30:40.26Z</time>
		</trkpt>
		<trkpt lat="40.458995" lon="-7.368326">
			<ele>0.00</ele>
			<time>2026-01-13T22:30:40.76Z</time>
		</trkpt>
		<trkpt lat="40.459004" lon="-7.368157">
			<ele>0.00</ele>
			<time>2026-01-13T22:30:41.62Z</time>
		</trkpt>
		<trkpt lat="40.459023" lon="-7.367985">
			<ele>0.00</ele>
			<time>2026-01-13T22:30:42.50Z</time>
		</trkpt>
		<trkpt lat="40.459125" lon="-7.367733">
			<ele>0.00</ele>
			<time>2026-01-13T22:30:43.95Z</time>
		</trkpt>
		<trkpt lat="40.459176" lon="-7.367662">
			<ele>0.00</ele>
			<time>2026-01-13T22:30:44.44Z</time>
		</trkpt>
		<trkpt lat="40.459319" lon="-7.367514">
			<ele>0.00</ele>
			<time>2026-01-13T22:30:45.65Z</time>
		</trkpt>
		<trkpt lat="40.459452" lon="-7.367416">
			<ele>0.00</ele>
			<time>2026-01-13T22:30:46.67Z</time>
		</trkpt>
		<trkpt lat="40.459628" lon="-7.367423">
			<ele>0.00</ele>
			<time>2026-01-13T22:30:47.85Z</time>
		</trkpt>
		<trkpt lat="40.459802" lon="-7.367380">
			<ele>0.00</ele>
			<time>2026-01-13T22:30:49.02Z</time>
		</trkpt>
		<trkpt lat="40.459963" lon="-7.367265">
			<ele>0.00</ele>
			<time>2026-01-13T22:30:50.25Z</time>
		</trkpt>
		<trkpt lat="40.460014" lon="-7.367168">
			<ele>0.00</ele>
			<time>2026-01-13T22:30:50.84Z</time>
		</trkpt>
		<trkpt lat="40.459959" lon="-7.367082">
			<ele>0.00</ele>
			<time>2026-01-13T22:30:51.41Z</time>
		</trkpt>
		<trkpt lat="40.459784" lon="-7.367074">
			<ele>0.00</ele>
			<time>2026-01-13T22:30:52.58Z</time>
		</trkpt>
		<trkpt lat="40.459337" lon="-7.367045">
			<ele>0.00</ele>
			<time>2026-01-13T22:30:55.57Z</time>
		</trkpt>
		<trkpt lat="40.458739" lon="-7.367011">
			<ele>0.00</ele>
			<time>2026-01-13T22:30:59.55Z</time>
		</trkpt>
		<trkpt lat="40.458545" lon="-7.366983">
			<ele>0.00</ele>
			<time>2026-01-13T22:31:00.85Z</time>
		</trkpt>
		<trkpt lat="40.458493" lon="-7.366894">
			<ele>0.00</ele>
			<time>2026-01-13T22:31:01.42Z</time>
		</trkpt>
		<trkpt lat="40.458516" lon="-7.366807">
			<ele>0.00</ele>
			<time>2026-01-13T22:31:01.89Z</time>
		</trkpt>
		<trkpt lat="40.458592" lon="-7.366600">
			<ele>0.00</ele>
			<time>2026-01-13T22:31:03.06Z</time>
		</trkpt>
		<trkpt lat="40.458671" lon="-7.366388">
			<ele>0.00</ele>
			<time>2026-01-13T22:31:04.26Z</time>
		</trkpt>
		<trkpt lat="40.458675" lon="-7.366372">
			<ele>0.00</ele>
			<time>2026-01-13T22:31:04.34Z</time>
		</trkpt>
		<trkpt lat="40.458754" lon="-7.366199">
			<ele>0.00</ele>
			<time>2026-01-13T22:31:05.37Z</time>
		</trkpt>
		<trkpt lat="40.458859" lon="-7.366137">
			<ele>0.00</ele>
			<time>2026-01-13T22:31:06.13Z</time>
		</trkpt>
		<trkpt lat="40.459036" lon="-7.366073">
			<ele>0.00</ele>
			<time>2026-01-13T22:31:07.36Z</time>
		</trkpt>
		<trkpt lat="40.459096" lon="-7.365986">
			<ele>0.00</ele>
			<time>2026-01-13T22:31:07.95Z</time>
		</trkpt>
		<trkpt lat="40.459066" lon="-7.365902">
			<ele>0.00</ele>
			<time>2026-01-13T22:31:08.42Z</time>
		</trkpt>
		<trkpt lat="40.458963" lon="-7.365838">
			<ele>0.00</ele>
			<time>2026-01-13T22:31:09.18Z</time>
		</trkpt>
		<trkpt lat="40.458632" lon="-7.365688">
			<ele>0.00</ele>
			<time>2026-01-13T22:31:11.52Z</time>
		</trkpt>
		<trkpt lat="40.458491" lon="-7.365693">
			<ele>0.00</ele>
			<time>2026-01-13T22:31:12.46Z</time>
		</trkpt>
		<trkpt lat="40.458342" lon="-7.365720">
			<ele>0.00</ele>
			<time>2026-01-13T22:31:13.46Z</time>
		</trkpt>
		<trkpt lat="40.458336" lon="-7.365719">
			<ele>0.00</ele>
			<time>2026-01-13T22:31:13.52Z</time>
		</trkpt>
		<trkpt lat="40.458241" lon="-7.365670">
			<ele>0.00</ele>
			<time>2026-01-13T22:31:14.20Z</time>
		</trkpt>
		<trkpt lat="40.458271" lon="-7.365572">
			<ele>0.00</ele>
			<time>2026-01-13T22:31:14.74Z</time>
		</trkpt>
		<trkpt lat="40.458352" lon="-7.365485">
			<ele>0.00</ele>
			<time>2026-01-13T22:31:15.44Z</time>
		</trkpt>
		<trkpt lat="40.458512" lon="-7.365473">
			<ele>0.00</ele>
			<time>2026-01-13T22:31:16.51Z</time>
		</trkpt>
		<trkpt lat="40.458657" lon="-7.365471">
			<ele>0.00</ele>
			<time>2026-01-13T22:31:17.47Z</time>
		</trkpt>
		<trkpt lat="40.458703" lon="-7.365416">
			<ele>0.00</ele>
			<time>2026-01-13T22:31:17.89Z</time>
		</trkpt>
		<trkpt lat="40.458729" lon="-7.365311">
			<ele>0.00</ele>
			<time>2026-01-13T22:31:18.45Z</time>
		</trkpt>
		<trkpt lat="40.458618" lon="-7.365223">
			<ele>0.00</ele>
			<time>2026-01-13T22:31:19.31Z</time>
		</trkpt>
		<trkpt lat="40.458423" lon="-7.365180">
			<ele>0.00</ele>
			<time>2026-01-13T22:31:20.63Z</time>
		</trkpt>
		<trkpt lat="40.458405" lon="-7.365178">
			<ele>0.00</ele>
			<time>2026-01-13T22:31:20.75Z</time>
		</trkpt>
		<trkpt lat="40.458193" lon="-7.365111">
			<ele>0.00</ele>
			<time>2026-01-13T22:31:22.20Z</time>
		</trkpt>
		<trkpt lat="40.457995" lon="-7.365177">
			<ele>0.00</ele>
			<time>2026-01-13T22:31:23.56Z</time>
		</trkpt>
		<trkpt lat="40.457777" lon="-7.365249">
			<ele>0.00</ele>
			<time>2026-01-13T22:31:25.06Z</time>
		</trkpt>
		<trkpt lat="40.457681" lon="-7.365196">
			<ele>0.00</ele>
			<time>2026-01-13T22:31:25.76Z</time>
		</trkpt>
		<trkpt lat="40.457674" lon="-7.365185">
			<ele>0.00</ele>
			<time>2026-01-13T22:31:25.83Z</time>
		</trkpt>
		<trkpt lat="40.457663" lon="-7.365089">
			<ele>0.00</ele>
			<time>2026-01-13T22:31:26.32Z</time>
		</trkpt>
		<trkpt lat="40.457693" lon="-7.365009">
			<ele>0.00</ele>
			<time>2026-01-13T22:31:26.77Z</time>
		</trkpt>
		<trkpt lat="40.457760" lon="-7.364932">
			<ele>0.00</ele>
			<time>2026-01-13T22:31:27.37Z</time>
		</trkpt>
		<trkpt lat="40.457771" lon="-7.364879">
			<ele>0.00</ele>
			<time>2026-01-13T22:31:27.65Z</time>
		</trkpt>
		<trkpt lat="40.457782" lon="-7.364858">
			<ele>0.00</ele>
			<time>2026-01-13T22:31:27.78Z</time>
		</trkpt>
		<trkpt lat="40.457768" lon="-7.364788">
			<ele>0.00</ele>
			<time>2026-01-13T22:31:28.14Z</time>
		</trkpt>
		<trkpt lat="40.457754" lon="-7.364750">
			<ele>0.00</ele>
			<time>2026-01-13T22:31:28.36Z</time>
		</trkpt>
		<trkpt lat="40.457756" lon="-7.364696">
			<ele>0.00</ele>
			<time>2026-01-13T22:31:28.63Z</time>
		</trkpt>
		<trkpt lat="40.457771" lon="-7.364648">
			<ele>0.00</ele>
			<time>2026-01-13T22:31:28.89Z</time>
		</trkpt>
		<trkpt lat="40.457877" lon="-7.364643">
			<ele>0.00</ele>
			<time>2026-01-13T22:31:29.60Z</time>
		</trkpt>
		<trkpt lat="40.457953" lon="-7.364624">
			<ele>0.00</ele>
			<time>2026-01-13T22:31:30.12Z</time>
		</trkpt>
		<trkpt lat="40.458024" lon="-7.364600">
			<ele>0.00</ele>
			<time>2026-01-13T22:31:30.61Z</time>
		</trkpt>
		<trkpt lat="40.458117" lon="-7.364532">
			<ele>0.00</ele>
			<time>2026-01-13T22:31:31.31Z</time>
		</trkpt>
		<trkpt lat="40.458224" lon="-7.364464">
			<ele>0.00</ele>
			<time>2026-01-13T22:31:32.10Z</time>
		</trkpt>
		<trkpt lat="40.458316" lon="-7.364371">
			<ele>0.00</ele>
			<time>2026-01-13T22:31:32.88Z</time>
		</trkpt>
		<trkpt lat="40.458321" lon="-7.364366">
			<ele>0.00</ele>
			<time>2026-01-13T22:31:32.94Z</time>
		</trkpt>
		<trkpt lat="40.458411" lon="-7.364290">
			<ele>0.00</ele>
			<time>2026-01-13T22:31:33.65Z</time>
		</trkpt>
		<trkpt lat="40.458572" lon="-7.364198">
			<ele>0.00</ele>
			<time>2026-01-13T22:31:34.82Z</time>
		</trkpt>
		<trkpt lat="40.458735" lon="-7.364173">
			<ele>0.00</ele>
			<time>2026-01-13T22:31:35.92Z</time>
		</trkpt>
		<trkpt lat="40.458997" lon="-7.364058">
			<ele>0.00</ele>
			<time>2026-01-13T22:31:37.75Z</time>
		</trkpt>
		<trkpt lat="40.459158" lon="-7.364039">
			<ele>0.00</ele>
			<time>2026-01-13T22:31:38.83Z</time>
		</trkpt>
		<trkpt lat="40.459393" lon="-7.364010">
			<ele>0.00</ele>
			<time>2026-01-13T22:31:40.41Z</time>
		</trkpt>
		<trkpt lat="40.459511" lon="-7.363911">
			<ele>0.00</ele>
			<time>2026-01-13T22:31:41.34Z</time>
		</trkpt>
		<trkpt lat="40.459646" lon="-7.363802">
			<ele>0.00</ele>
			<time>2026-01-13T22:31:42.40Z</time>
		</trkpt>
		<trkpt lat="40.459853" lon="-7.363720">
			<ele>0.00</ele>
			<time>2026-01-13T22:31:43.84Z</time>
		</trkpt>
		<trkpt lat="40.460035" lon="-7.363630">
			<ele>0.00</ele>
			<time>2026-01-13T22:31:45.13Z</time>
		</trkpt>
		<trkpt lat="40.460176" lon="-7.363595">
			<ele>0.00</ele>
			<time>2026-01-13T22:31:46.09Z</time>
		</trkpt>
		<trkpt lat="40.460266" lon="-7.363666">
			<ele>0.00</ele>
			<time>2026-01-13T22:31:46.79Z</time>
		</trkpt>
		<trkpt lat="40.460448" lon="-7.363583">
			<ele>0.00</ele>
			<time>2026-01-13T22:31:48.08Z</time>
		</trkpt>
		<trkpt lat="40.460552" lon="-7.363516">
			<ele>0.00</ele>
			<time>2026-01-13T22:31:48.84Z</time>
		</trkpt>
		<trkpt lat="40.460645" lon="-7.363434">
			<ele>0.00</ele>
			<time>2026-01-13T22:31:49.59Z</time>
		</trkpt>
		<trkpt lat="40.460727" lon="-7.363310">
			<ele>0.00</ele>
			<time>2026-01-13T22:31:50.43Z</time>
		</trkpt>
		<trkpt lat="40.460733" lon="-7.363302">
			<ele>0.00</ele>
			<time>2026-01-13T22:31:50.49Z</time>
		</trkpt>
		<trkpt lat="40.460802" lon="-7.363180">
			<ele>0.00</ele>
			<time>2026-01-13T22:31:51.26Z</time>
		</trkpt>
		<trkpt lat="40.460804" lon="-7.363170">
			<ele>0.00</ele>
			<time>2026-01-13T22:31:51.32Z</time>
		</trkpt>
		<trkpt lat="40.460907" lon="-7.363026">
			<ele>0.00</ele>
			<time>2026-01-13T22:31:52.32Z</time>
		</trkpt>
		<trkpt lat="40.461026" lon="-7.362875">
			<ele>0.00</ele>
			<time>2026-01-13T22:31:53.43Z</time>
		</trkpt>
		<trkpt lat="40.461035" lon="-7.362867">
			<ele>0.00</ele>
			<time>2026-01-13T22:31:53.50Z</time>
		</trkpt>
		<trkpt lat="40.461145" lon="-7.362765">
			<ele>0.00</ele>
			<time>2026-01-13T22:31:54.39Z</time>
		</trkpt>
		<trkpt lat="40.461233" lon="-7.362686">
			<ele>0.00</ele>
			<time>2026-01-13T22:31:55.10Z</time>
		</trkpt>
		<trkpt lat="40.461366" lon="-7.362572">
			<ele>0.00</ele>
			<time>2026-01-13T22:31:56.16Z</time>
		</trkpt>
		<trkpt lat="40.461477" lon="-7.362447">
			<ele>0.00</ele>
			<time>2026-01-13T22:31:57.14Z</time>
		</trkpt>
		<trkpt lat="40.461570" lon="-7.362302">
			<ele>0.00</ele>
			<time>2026-01-13T22:31:58.10Z</time>
		</trkpt>
		<trkpt lat="40.461616" lon="-7.362243">
			<ele>0.00</ele>
			<time>2026-01-13T22:31:58.53Z</time>
		</trkpt>
		<trkpt lat="40.461688" lon="-7.362173">
			<ele>0.00</ele>
			<time>2026-01-13T22:31:59.13Z</time>
		</trkpt>
		<trkpt lat="40.461759" lon="-7.362039">
			<ele>0.00</ele>
			<time>2026-01-13T22:31:59.95Z</time>
		</trkpt>
		<trkpt lat="40.461725" lon="-7.361920">
			<ele>0.00</ele>
			<time>2026-01-13T22:32:00.60Z</time>
		</trkpt>
		<trkpt lat="40.461724" lon="-7.361917">
			<ele>0.00</ele>
			<time>2026-01-13T22:32:00.66Z</time>
		</trkpt>
		<trkpt lat="40.461677" lon="-7.361790">
			<ele>0.00</ele>
			<time>2026-01-13T22:32:01.37Z</time>
		</trkpt>
		<trkpt lat="40.461679" lon="-7.361780">
			<ele>0.00</ele>
			<time>2026-01-13T22:32:01.43Z</time>
		</trkpt>
		<trkpt lat="40.461719" lon="-7.361597">
			<ele>0.00</ele>
			<time>2026-01-13T22:32:02.40Z</time>
		</trkpt>
		<trkpt lat="40.461791" lon="-7.361455">
			<ele>0.00</ele>
			<time>2026-01-13T22:32:03.26Z</time>
		</trkpt>
		<trkpt lat="40.461894" lon="-7.361282">
			<ele>0.00</ele>
			<time>2026-01-13T22:32:04.38Z</time>
		</trkpt>
		<trkpt lat="40.461973" lon="-7.361140">
			<ele>0.00</ele>
			<time>2026-01-13T22:32:05.27Z</time>
		</trkpt>
		<trkpt lat="40.462015" lon="-7.361092">
			<ele>0.00</ele>
			<time>2026-01-13T22:32:05.64Z</time>
		</trkpt>
		<trkpt lat="40.462031" lon="-7.361076">
			<ele>0.00</ele>
			<time>2026-01-13T22:32:05.77Z</time>
		</trkpt>
		<trkpt lat="40.462155" lon="-7.360991">
			<ele>0.00</ele>
			<time>2026-01-13T22:32:06.71Z</time>
		</trkpt>
		<trkpt lat="40.462256" lon="-7.360938">
			<ele>0.00</ele>
			<time>2026-01-13T22:32:07.43Z</time>
		</trkpt>
		<trkpt lat="40.462343" lon="-7.360859">
			<ele>0.00</ele>
			<time>2026-01-13T22:32:08.14Z</time>
		</trkpt>
		<trkpt lat="40.462487" lon="-7.360718">
			<ele>0.00</ele>
			<time>2026-01-13T22:32:09.34Z</time>
		</trkpt>
		<trkpt lat="40.462800" lon="-7.360347">
			<ele>0.00</ele>
			<time>2026-01-13T22:32:12.14Z</time>
		</trkpt>
		<trkpt lat="40.463116" lon="-7.360047">
			<ele>0.00</ele>
			<time>2026-01-13T22:32:14.74Z</time>
		</trkpt>
		<trkpt lat="40.463311" lon="-7.359759">
			<ele>0.00</ele>
			<time>2026-01-13T22:32:16.70Z</time>
		</trkpt>
		<trkpt lat="40.463435" lon="-7.359610">
			<ele>0.00</ele>
			<time>2026-01-13T22:32:17.82Z</time>
		</trkpt>
		<trkpt lat="40.463490" lon="-7.359537">
			<ele>0.00</ele>
			<time>2026-01-13T22:32:18.34Z</time>
		</trkpt>
		<trkpt lat="40.463505" lon="-7.359450">
			<ele>0.00</ele>
			<time>2026-01-13T22:32:18.79Z</time>
		</trkpt>
		<trkpt lat="40.463555" lon="-7.359325">
			<ele>0.00</ele>
			<time>2026-01-13T22:32:19.51Z</time>
		</trkpt>
		<trkpt lat="40.463561" lon="-7.359315">
			<ele>0.00</ele>
			<time>2026-01-13T22:32:19.57Z</time>
		</trkpt>
		<trkpt lat="40.463659" lon="-7.359117">
			<ele>0.00</ele>
			<time>2026-01-13T22:32:20.77Z</time>
		</trkpt>
		<trkpt lat="40.463818" lon="-7.358910">
			<ele>0.00</ele>
			<time>2026-01-13T22:32:22.26Z</time>
		</trkpt>
		<trkpt lat="40.463957" lon="-7.358909">
			<ele>0.00</ele>
			<time>2026-01-13T22:32:23.19Z</time>
		</trkpt>
		<trkpt lat="40.464107" lon="-7.358887">
			<ele>0.00</ele>
			<time>2026-01-13T22:32:24.20Z</time>
		</trkpt>
		<trkpt lat="40.464334" lon="-7.358730">
			<ele>0.00</ele>
			<time>2026-01-13T22:32:25.91Z</time>
		</trkpt>
		<trkpt lat="40.464598" lon="-7.358583">
			<ele>0.00</ele>
			<time>2026-01-13T22:32:27.82Z</time>
		</trkpt>
		<trkpt lat="40.464895" lon="-7.358375">
			<ele>0.00</ele>
			<time>2026-01-13T22:32:30.06Z</time>
		</trkpt>
		<trkpt lat="40.465263" lon="-7.358065">
			<ele>0.00</ele>
			<time>2026-01-13T22:32:32.97Z</time>
		</trkpt>
		<trkpt lat="40.465621" lon="-7.357791">
			<ele>0.00</ele>
			<time>2026-01-13T22:32:35.74Z</time>
		</trkpt>
		<trkpt lat="40.465860" lon="-7.357694">
			<ele>0.00</ele>
			<time>2026-01-13T22:32:37.41Z</time>
		</trkpt>
		<trkpt lat="40.466062" lon="-7.357558">
			<ele>0.00</ele>
			<time>2026-01-13T22:32:38.91Z</time>
		</trkpt>
		<trkpt lat="40.466141" lon="-7.357325">
			<ele>0.00</ele>
			<time>2026-01-13T22:32:40.21Z</time>
		</trkpt>
		<trkpt lat="40.466141" lon="-7.357319">
			<ele>0.00</ele>
			<time>2026-01-13T22:32:40.27Z</time>
		</trkpt>
		<trkpt lat="40.466184" lon="-7.357133">
			<ele>0.00</ele>
			<time>2026-01-13T22:32:41.26Z</time>
		</trkpt>
		<trkpt lat="40.466191" lon="-7.357118">
			<ele>0.00</ele>
			<time>2026-01-13T22:32:41.35Z</time>
		</trkpt>
		<trkpt lat="40.466386" lon="-7.356861">
			<ele>0.00</ele>
			<time>2026-01-13T22:32:43.19Z</time>
		</trkpt>
		<trkpt lat="40.466591" lon="-7.356763">
			<ele>0.00</ele>
			<time>2026-01-13T22:32:44.64Z</time>
		</trkpt>
		<trkpt lat="40.466755" lon="-7.356731">
			<ele>0.00</ele>
			<time>2026-01-13T22:32:45.75Z</time>
		</trkpt>
		<trkpt lat="40.467059" lon="-7.356629">
			<ele>0.00</ele>
			<time>2026-01-13T22:32:47.84Z</time>
		</trkpt>
		<trkpt lat="40.467373" lon="-7.356553">
			<ele>0.00</ele>
			<time>2026-01-13T22:32:49.97Z</time>
		</trkpt>
		<trkpt lat="40.467520" lon="-7.356450">
			<ele>0.00</ele>
			<time>2026-01-13T22:32:51.08Z</time>
		</trkpt>
		<trkpt lat="40.467640" lon="-7.356390">
			<ele>0.00</ele>
			<time>2026-01-13T22:32:51.94Z</time>
		</trkpt>
		<trkpt lat="40.467794" lon="-7.356407">
			<ele>0.00</ele>
			<time>2026-01-13T22:32:52.96Z</time>
		</trkpt>
		<trkpt lat="40.467884" lon="-7.356394">
			<ele>0.00</ele>
			<time>2026-01-13T22:32:53.57Z</time>
		</trkpt>
		<trkpt lat="40.467895" lon="-7.356385">
			<ele>0.00</ele>
			<time>2026-01-13T22:32:53.65Z</time>
		</trkpt>
		<trkpt lat="40.467906" lon="-7.356370">
			<ele>0.00</ele>
			<time>2026-01-13T22:32:53.76Z</time>
		</trkpt>
		<trkpt lat="40.468025" lon="-7.356277">
			<ele>0.00</ele>
			<time>2026-01-13T22:32:54.68Z</time>
		</trkpt>
		<trkpt lat="40.468191" lon="-7.356167">
			<ele>0.00</ele>
			<time>2026-01-13T22:32:55.92Z</time>
		</trkpt>
		<trkpt lat="40.468323" lon="-7.356130">
			<ele>0.00</ele>
			<time>2026-01-13T22:32:56.82Z</time>
		</trkpt>
		<trkpt lat="40.468333" lon="-7.356121">
			<ele>0.00</ele>
			<time>2026-01-13T22:32:56.90Z</time>
		</trkpt>
		<trkpt lat="40.468349" lon="-7.356107">
			<ele>0.00</ele>
			<time>2026-01-13T22:32:57.03Z</time>
		</trkpt>
		<trkpt lat="40.468373" lon="-7.356086">
			<ele>0.00</ele>
			<time>2026-01-13T22:32:57.22Z</time>
		</trkpt>
		<trkpt lat="40.468578" lon="-7.355934">
			<ele>0.00</ele>
			<time>2026-01-13T22:32:58.79Z</time>
		</trkpt>
		<trkpt lat="40.468906" lon="-7.355744">
			<ele>0.00</ele>
			<time>2026-01-13T22:33:01.18Z</time>
		</trkpt>
		<trkpt lat="40.469241" lon="-7.355592">
			<ele>0.00</ele>
			<time>2026-01-13T22:33:03.54Z</time>
		</trkpt>
		<trkpt lat="40.469582" lon="-7.355371">
			<ele>0.00</ele>
			<time>2026-01-13T22:33:06.08Z</time>
		</trkpt>
		<trkpt lat="40.469591" lon="-7.355364">
			<ele>0.00</ele>
			<time>2026-01-13T22:33:06.15Z</time>
		</trkpt>
		<trkpt lat="40.469786" lon="-7.355132">
			<ele>0.00</ele>
			<time>2026-01-13T22:33:07.90Z</time>
		</trkpt>
		<trkpt lat="40.469786" lon="-7.355126">
			<ele>0.00</ele>
			<time>2026-01-13T22:33:07.96Z</time>
		</trkpt>
		<trkpt lat="40.469795" lon="-7.355113">
			<ele>0.00</ele>
			<time>2026-01-13T22:33:08.05Z</time>
		</trkpt>
		<trkpt lat="40.469946" lon="-7.354855">
			<ele>0.00</ele>
			<time>2026-01-13T22:33:09.70Z</time>
		</trkpt>
		<trkpt lat="40.470209" lon="-7.354607">
			<ele>0.00</ele>
			<time>2026-01-13T22:33:11.86Z</time>
		</trkpt>
		<trkpt lat="40.470224" lon="-7.354590">
			<ele>0.00</ele>
			<time>2026-01-13T22:33:11.99Z</time>
		</trkpt>
		<trkpt lat="40.470515" lon="-7.354373">
			<ele>0.00</ele>
			<time>2026-01-13T22:33:14.22Z</time>
		</trkpt>
		<trkpt lat="40.470721" lon="-7.354232">
			<ele>0.00</ele>
			<time>2026-01-13T22:33:15.77Z</time>
		</trkpt>
		<trkpt lat="40.471271" lon="-7.353883">
			<ele>0.00</ele>
			<time>2026-01-13T22:33:19.84Z</time>
		</trkpt>
		<trkpt lat="40.471578" lon="-7.353735">
			<ele>0.00</ele>
			<time>2026-01-13T22:33:22.02Z</time>
		</trkpt>
		<trkpt lat="40.471754" lon="-7.353588">
			<ele>0.00</ele>
			<time>2026-01-13T22:33:23.41Z</time>
		</trkpt>
		<trkpt lat="40.472042" lon="-7.353233">
			<ele>0.00</ele>
			<time>2026-01-13T22:33:26.04Z</time>
		</trkpt>
		<trkpt lat="40.472281" lon="-7.353010">
			<ele>0.00</ele>
			<time>2026-01-13T22:33:28Z</time>
		</trkpt>
		<trkpt lat="40.472316" lon="-7.352826">
			<ele>0.00</ele>
			<time>2026-01-13T22:33:28.96Z</time>
		</trkpt>
		<trkpt lat="40.472314" lon="-7.352823">
			<ele>0.00</ele>
			<time>2026-01-13T22:33:29.02Z</time>
		</trkpt>
		<trkpt lat="40.472345" lon="-7.352640">
			<ele>0.00</ele>
			<time>2026-01-13T22:33:29.96Z</time>
		</trkpt>
		<trkpt lat="40.472349" lon="-7.352626">
			<ele>0.00</ele>
			<time>2026-01-13T22:33:30.04Z</time>
		</trkpt>
		<trkpt lat="40.472468" lon="-7.352528">
			<ele>0.00</ele>
			<time>2026-01-13T22:33:30.98Z</time>
		</trkpt>
		<trkpt lat="40.472711" lon="-7.352529">
			<ele>0.00</ele>
			<time>2026-01-13T22:33:32.60Z</time>
		</trkpt>
		<trkpt lat="40.472808" lon="-7.352540">
			<ele>0.00</ele>
			<time>2026-01-13T22:33:33.25Z</time>
		</trkpt>
		<trkpt lat="40.472967" lon="-7.352422">
			<ele>0.00</ele>
			<time>2026-01-13T22:33:34.46Z</time>
		</trkpt>
		<trkpt lat="40.473083" lon="-7.352311">
			<ele>0.00</ele>
			<time>2026-01-13T22:33:35.42Z</time>
		</trkpt>
		<trkpt lat="40.473362" lon="-7.352137">
			<ele>0.00</ele>
			<time>2026-01-13T22:33:37.48Z</time>
		</trkpt>
		<trkpt lat="40.473448" lon="-7.352115">
			<ele>0.00</ele>
			<time>2026-01-13T22:33:38.06Z</time>
		</trkpt>
		<trkpt lat="40.473652" lon="-7.352032">
			<ele>0.00</ele>
			<time>2026-01-13T22:33:39.49Z</time>
		</trkpt>
		<trkpt lat="40.473863" lon="-7.351827">
			<ele>0.00</ele>
			<time>2026-01-13T22:33:41.24Z</time>
		</trkpt>
		<trkpt lat="40.473869" lon="-7.351822">
			<ele>0.00</ele>
			<time>2026-01-13T22:33:41.30Z</time>
		</trkpt>
		<trkpt lat="40.473893" lon="-7.351791">
			<ele>0.00</ele>
			<time>2026-01-13T22:33:41.52Z</time>
		</trkpt>
		<trkpt lat="40.474106" lon="-7.351648">
			<ele>0.00</ele>
			<time>2026-01-13T22:33:43.12Z</time>
		</trkpt>
		<trkpt lat="40.474138" lon="-7.351631">
			<ele>0.00</ele>
			<time>2026-01-13T22:33:43.35Z</time>
		</trkpt>
		<trkpt lat="40.474162" lon="-7.351621">
			<ele>0.00</ele>
			<time>2026-01-13T22:33:43.52Z</time>
		</trkpt>
		<trkpt lat="40.474340" lon="-7.351499">
			<ele>0.00</ele>
			<time>2026-01-13T22:33:44.85Z</time>
		</trkpt>
		<trkpt lat="40.474346" lon="-7.351494">
			<ele>0.00</ele>
			<time>2026-01-13T22:33:44.91Z</time>
		</trkpt>
		<trkpt lat="40.474589" lon="-7.351266">
			<ele>0.00</ele>
			<time>2026-01-13T22:33:46.91Z</time>
		</trkpt>
		<trkpt lat="40.474748" lon="-7.351113">
			<ele>0.00</ele>
			<time>2026-01-13T22:33:48.22Z</time>
		</trkpt>
		<trkpt lat="40.475285" lon="-7.350771">
			<ele>0.00</ele>
			<time>2026-01-13T22:33:52.20Z</time>
		</trkpt>
		<trkpt lat="40.475626" lon="-7.350495">
			<ele>0.00</ele>
			<time>2026-01-13T22:33:54.87Z</time>
		</trkpt>
		<trkpt lat="40.475811" lon="-7.350323">
			<ele>0.00</ele>
			<time>2026-01-13T22:33:56.38Z</time>
		</trkpt>
		<trkpt lat="40.475812" lon="-7.350317">
			<ele>0.00</ele>
			<time>2026-01-13T22:33:56.44Z</time>
		</trkpt>
		<trkpt lat="40.475827" lon="-7.350299">
			<ele>0.00</ele>
			<time>2026-01-13T22:33:56.57Z</time>
		</trkpt>
		<trkpt lat="40.476043" lon="-7.350084">
			<ele>0.00</ele>
			<time>2026-01-13T22:33:58.38Z</time>
		</trkpt>
		<trkpt lat="40.476190" lon="-7.349973">
			<ele>0.00</ele>
			<time>2026-01-13T22:33:59.51Z</time>
		</trkpt>
		<trkpt lat="40.476195" lon="-7.349967">
			<ele>0.00</ele>
			<time>2026-01-13T22:33:59.57Z</time>
		</trkpt>
		<trkpt lat="40.476390" lon="-7.349825">
			<ele>0.00</ele>
			<time>2026-01-13T22:34:01.05Z</time>
		</trkpt>
		<trkpt lat="40.476505" lon="-7.349730">
			<ele>0.00</ele>
			<time>2026-01-13T22:34:01.96Z</time>
		</trkpt>
		<trkpt lat="40.476706" lon="-7.349593">
			<ele>0.00</ele>
			<time>2026-01-13T22:34:03.47Z</time>
		</trkpt>
		<trkpt lat="40.476938" lon="-7.349516">
			<ele>0.00</ele>
			<time>2026-01-13T22:34:05.06Z</time>
		</trkpt>
		<trkpt lat="40.477263" lon="-7.349397">
			<ele>0.00</ele>
			<time>2026-01-13T22:34:07.31Z</time>
		</trkpt>
		<trkpt lat="40.477395" lon="-7.349240">
			<ele>0.00</ele>
			<time>2026-01-13T22:34:08.50Z</time>
		</trkpt>
		<trkpt lat="40.477402" lon="-7.349228">
			<ele>0.00</ele>
			<time>2026-01-13T22:34:08.57Z</time>
		</trkpt>
		<trkpt lat="40.477628" lon="-7.348938">
			<ele>0.00</ele>
			<time>2026-01-13T22:34:10.68Z</time>
		</trkpt>
		<trkpt lat="40.477755" lon="-7.348822">
			<ele>0.00</ele>
			<time>2026-01-13T22:34:11.72Z</time>
		</trkpt>
		<trkpt lat="40.478072" lon="-7.348595">
			<ele>0.00</ele>
			<time>2026-01-13T22:34:14.12Z</time>
		</trkpt>
		<trkpt lat="40.478080" lon="-7.348588">
			<ele>0.00</ele>
			<time>2026-01-13T22:34:14.19Z</time>
		</trkpt>
		<trkpt lat="40.478273" lon="-7.348470">
			<ele>0.00</ele>
			<time>2026-01-13T22:34:15.60Z</time>
		</trkpt>
		<trkpt lat="40.478571" lon="-7.348321">
			<ele>0.00</ele>
			<time>2026-01-13T22:34:17.73Z</time>
		</trkpt>
		<trkpt lat="40.478754" lon="-7.348249">
			<ele>0.00</ele>
			<time>2026-01-13T22:34:19Z</time>
		</trkpt>
		<trkpt lat="40.479020" lon="-7.348111">
			<ele>0.00</ele>
			<time>2026-01-13T22:34:20.91Z</time>
		</trkpt>
		<trkpt lat="40.479177" lon="-7.347926">
			<ele>0.00</ele>
			<time>2026-01-13T22:34:22.31Z</time>
		</trkpt>
		<trkpt lat="40.479270" lon="-7.347657">
			<ele>0.00</ele>
			<time>2026-01-13T22:34:23.81Z</time>
		</trkpt>
		<trkpt lat="40.479607" lon="-7.347352">
			<ele>0.00</ele>
			<time>2026-01-13T22:34:26.54Z</time>
		</trkpt>
		<trkpt lat="40.479795" lon="-7.347238">
			<ele>0.00</ele>
			<time>2026-01-13T22:34:27.92Z</time>
		</trkpt>
		<trkpt lat="40.480069" lon="-7.347078">
			<ele>0.00</ele>
			<time>2026-01-13T22:34:29.92Z</time>
		</trkpt>
		<trkpt lat="40.480214" lon="-7.347007">
			<ele>0.00</ele>
			<time>2026-01-13T22:34:30.95Z</time>
		</trkpt>
		<trkpt lat="40.480382" lon="-7.346895">
			<ele>0.00</ele>
			<time>2026-01-13T22:34:32.20Z</time>
		</trkpt>
		<trkpt lat="40.480391" lon="-7.346882">
			<ele>0.00</ele>
			<time>2026-01-13T22:34:32.30Z</time>
		</trkpt>
		<trkpt lat="40.480500" lon="-7.346748">
			<ele>0.00</ele>
			<time>2026-01-13T22:34:33.29Z</time>
		</trkpt>
		<trkpt lat="40.480506" lon="-7.346743">
			<ele>0.00</ele>
			<time>2026-01-13T22:34:33.35Z</time>
		</trkpt>
		<trkpt lat="40.480670" lon="-7.346623">
			<ele>0.00</ele>
			<time>2026-01-13T22:34:34.60Z</time>
		</trkpt>
		<trkpt lat="40.480966" lon="-7.346390">
			<ele>0.00</ele>
			<time>2026-01-13T22:34:36.90Z</time>
		</trkpt>
		<trkpt lat="40.481077" lon="-7.346221">
			<ele>0.00</ele>
			<time>2026-01-13T22:34:38.04Z</time>
		</trkpt>
		<trkpt lat="40.481098" lon="-7.346203">
			<ele>0.00</ele>
			<time>2026-01-13T22:34:38.20Z</time>
		</trkpt>
		<trkpt lat="40.481270" lon="-7.346075">
			<ele>0.00</ele>
			<time>2026-01-13T22:34:39.52Z</time>
		</trkpt>
		<trkpt lat="40.481288" lon="-7.346060">
			<ele>0.00</ele>
			<time>2026-01-13T22:34:39.66Z</time>
		</trkpt>
		<trkpt lat="40.481565" lon="-7.345936">
			<ele>0.00</ele>
			<time>2026-01-13T22:34:41.61Z</time>
		</trkpt>
		<trkpt lat="40.482043" lon="-7.345758">
			<ele>0.00</ele>
			<time>2026-01-13T22:34:44.92Z</time>
		</trkpt>
		<trkpt lat="40.482482" lon="-7.345446">
			<ele>0.00</ele>
			<time>2026-01-13T22:34:48.25Z</time>
		</trkpt>
		<trkpt lat="40.482781" lon="-7.345236">
			<ele>0.00</ele>
			<time>2026-01-13T22:34:50.51Z</time>
		</trkpt>
		<trkpt lat="40.482789" lon="-7.345218">
			<ele>0.00</ele>
			<time>2026-01-13T22:34:50.61Z</time>
		</trkpt>
		<trkpt lat="40.482996" lon="-7.344902">
			<ele>0.00</ele>
			<time>2026-01-13T22:34:52.73Z</time>
		</trkpt>
		<trkpt lat="40.483011" lon="-7.344883">
			<ele>0.00</ele>
			<time>2026-01-13T22:34:52.87Z</time>
		</trkpt>
		<trkpt lat="40.483020" lon="-7.344876">
			<ele>0.00</ele>
			<time>2026-01-13T22:34:52.94Z</time>
		</trkpt>
		<trkpt lat="40.483274" lon="-7.344647">
			<ele>0.00</ele>
			<time>2026-01-13T22:34:54.99Z</time>
		</trkpt>
		<trkpt lat="40.483589" lon="-7.344410">
			<ele>0.00</ele>
			<time>2026-01-13T22:34:57.41Z</time>
		</trkpt>
		<trkpt lat="40.483869" lon="-7.344279">
			<ele>0.00</ele>
			<time>2026-01-13T22:34:59.39Z</time>
		</trkpt>
		<trkpt lat="40.484161" lon="-7.344096">
			<ele>0.00</ele>
			<time>2026-01-13T22:35:01.55Z</time>
		</trkpt>
		<trkpt lat="40.484435" lon="-7.343820">
			<ele>0.00</ele>
			<time>2026-01-13T22:35:03.85Z</time>
		</trkpt>
		<trkpt lat="40.484646" lon="-7.343585">
			<ele>0.00</ele>
			<time>2026-01-13T22:35:05.69Z</time>
		</trkpt>
		<trkpt lat="40.484996" lon="-7.343182">
			<ele>0.00</ele>
			<time>2026-01-13T22:35:08.79Z</time>
		</trkpt>
		<trkpt lat="40.485242" lon="-7.342960">
			<ele>0.00</ele>
			<time>2026-01-13T22:35:10.78Z</time>
		</trkpt>
		<trkpt lat="40.485485" lon="-7.342701">
			<ele>0.00</ele>
			<time>2026-01-13T22:35:12.87Z</time>
		</trkpt>
		<trkpt lat="40.485677" lon="-7.342634">
			<ele>0.00</ele>
			<time>2026-01-13T22:35:14.19Z</time>
		</trkpt>
		<trkpt lat="40.485827" lon="-7.342691">
			<ele>0.00</ele>
			<time>2026-01-13T22:35:15.24Z</time>
		</trkpt>
		<trkpt lat="40.486153" lon="-7.342564">
			<ele>0.00</ele>
			<time>2026-01-13T22:35:17.50Z</time>
		</trkpt>
		<trkpt lat="40.486357" lon="-7.342535">
			<ele>0.00</ele>
			<time>2026-01-13T22:35:18.87Z</time>
		</trkpt>
		<trkpt lat="40.486857" lon="-7.342427">
			<ele>0.00</ele>
			<time>2026-01-13T22:35:22.25Z</time>
		</trkpt>
		<trkpt lat="40.486893" lon="-7.342415">
			<ele>0.00</ele>
			<time>2026-01-13T22:35:22.50Z</time>
		</trkpt>
		<trkpt lat="40.486901" lon="-7.342414">
			<ele>0.00</ele>
			<time>2026-01-13T22:35:22.56Z</time>
		</trkpt>
		<trkpt lat="40.487173" lon="-7.342262">
			<ele>0.00</ele>
			<time>2026-01-13T22:35:24.53Z</time>
		</trkpt>
		<trkpt lat="40.487785" lon="-7.341954">
			<ele>0.00</ele>
			<time>2026-01-13T22:35:28.90Z</time>
		</trkpt>
		<trkpt lat="40.488259" lon="-7.341609">
			<ele>0.00</ele>
			<time>2026-01-13T22:35:32.51Z</time>
		</trkpt>
		<trkpt lat="40.488449" lon="-7.341555">
			<ele>0.00</ele>
			<time>2026-01-13T22:35:33.81Z</time>
		</trkpt>
		<trkpt lat="40.488647" lon="-7.341442">
			<ele>0.00</ele>
			<time>2026-01-13T22:35:35.24Z</time>
		</trkpt>
		<trkpt lat="40.489321" lon="-7.341092">
			<ele>0.00</ele>
			<time>2026-01-13T22:35:40.08Z</time>
		</trkpt>
		<trkpt lat="40.490043" lon="-7.340783">
			<ele>0.00</ele>
			<time>2026-01-13T22:35:45.14Z</time>
		</trkpt>
		<trkpt lat="40.490558" lon="-7.340426">
			<ele>0.00</ele>
			<time>2026-01-13T22:35:49.02Z</time>
		</trkpt>
		<trkpt lat="40.490923" lon="-7.340375">
			<ele>0.00</ele>
			<time>2026-01-13T22:35:51.47Z</time>
		</trkpt>
		<trkpt lat="40.491302" lon="-7.340337">
			<ele>0.00</ele>
			<time>2026-01-13T22:35:54Z</time>
		</trkpt>
		<trkpt lat="40.491630" lon="-7.340280">
			<ele>0.00</ele>
			<time>2026-01-13T22:35:56.21Z</time>
		</trkpt>
		<trkpt lat="40.492036" lon="-7.339928">
			<ele>0.00</ele>
			<time>2026-01-13T22:35:59.45Z</time>
		</trkpt>
		<trkpt lat="40.492219" lon="-7.339658">
			<ele>0.00</ele>
			<time>2026-01-13T22:36:01.28Z</time>
		</trkpt>
		<trkpt lat="40.492395" lon="-7.339131">
			<ele>0.00</ele>
			<time>2026-01-13T22:36:04.20Z</time>
		</trkpt>
		<trkpt lat="40.492550" lon="-7.339019">
			<ele>0.00</ele>
			<time>2026-01-13T22:36:05.38Z</time>
		</trkpt>
		<trkpt lat="40.492785" lon="-7.338871">
			<ele>0.00</ele>
			<time>2026-01-13T22:36:07.12Z</time>
		</trkpt>
		<trkpt lat="40.492953" lon="-7.338663">
			<ele>0.00</ele>
			<time>2026-01-13T22:36:08.66Z</time>
		</trkpt>
		<trkpt lat="40.493349" lon="-7.338403">
			<ele>0.00</ele>
			<time>2026-01-13T22:36:11.61Z</time>
		</trkpt>
		<trkpt lat="40.493592" lon="-7.338194">
			<ele>0.00</ele>
			<time>2026-01-13T22:36:13.54Z</time>
		</trkpt>
		<trkpt lat="40.494005" lon="-7.337972">
			<ele>0.00</ele>
			<time>2026-01-13T22:36:16.52Z</time>
		</trkpt>
		<trkpt lat="40.494451" lon="-7.337688">
			<ele>0.00</ele>
			<time>2026-01-13T22:36:19.82Z</time>
		</trkpt>
		<trkpt lat="40.494869" lon="-7.337314">
			<ele>0.00</ele>
			<time>2026-01-13T22:36:23.19Z</time>
		</trkpt>
		<trkpt lat="40.495138" lon="-7.337093">
			<ele>0.00</ele>
			<time>2026-01-13T22:36:25.30Z</time>
		</trkpt>
		<trkpt lat="40.495558" lon="-7.336844">
			<ele>0.00</ele>
			<time>2026-01-13T22:36:28.37Z</time>
		</trkpt>
		<trkpt lat="40.495935" lon="-7.336608">
			<ele>0.00</ele>
			<time>2026-01-13T22:36:31.16Z</time>
		</trkpt>
		<trkpt lat="40.496306" lon="-7.336519">
			<ele>0.00</ele>
			<time>2026-01-13T22:36:33.68Z</time>
		</trkpt>
		<trkpt lat="40.496512" lon="-7.336554">
			<ele>0.00</ele>
			<time>2026-01-13T22:36:35.06Z</time>
		</trkpt>
		<trkpt lat="40.496944" lon="-7.336386">
			<ele>0.00</ele>
			<time>2026-01-13T22:36:38.06Z</time>
		</trkpt>
		<trkpt lat="40.497233" lon="-7.336083">
			<ele>0.00</ele>
			<time>2026-01-13T22:36:40.53Z</time>
		</trkpt>
		<trkpt lat="40.497470" lon="-7.336057">
			<ele>0.00</ele>
			<time>2026-01-13T22:36:42.11Z</time>
		</trkpt>
		<trkpt lat="40.497761" lon="-7.335859">
			<ele>0.00</ele>
			<time>2026-01-13T22:36:44.29Z</time>
		</trkpt>
		<trkpt lat="40.498195" lon="-7.335618">
			<ele>0.00</ele>
			<time>2026-01-13T22:36:47.44Z</time>
		</trkpt>
		<trkpt lat="40.498355" lon="-7.335481">
			<ele>0.00</ele>
			<time>2026-01-13T22:36:48.71Z</time>
		</trkpt>
		<trkpt lat="40.498745" lon="-7.335228">
			<ele>0.00</ele>
			<time>2026-01-13T22:36:51.61Z</time>
		</trkpt>
		<trkpt lat="40.499162" lon="-7.335100">
			<ele>0.00</ele>
			<time>2026-01-13T22:36:54.46Z</time>
		</trkpt>
		<trkpt lat="40.499545" lon="-7.334956">
			<ele>0.00</ele>
			<time>2026-01-13T22:36:57.12Z</time>
		</trkpt>
		<trkpt lat="40.499895" lon="-7.334756">
			<ele>0.00</ele>
			<time>2026-01-13T22:36:59.67Z</time>
		</trkpt>
		<trkpt lat="40.500201" lon="-7.334534">
			<ele>0.00</ele>
			<time>2026-01-13T22:37:01.99Z</time>
		</trkpt>
		<trkpt lat="40.500486" lon="-7.334311">
			<ele>0.00</ele>
			<time>2026-01-13T22:37:04.20Z</time>
		</trkpt>
		<trkpt lat="40.500858" lon="-7.334167">
			<ele>0.00</ele>
			<time>2026-01-13T22:37:06.79Z</time>
		</trkpt>
		<trkpt lat="40.501454" lon="-7.333982">
			<ele>0.00</ele>
			<time>2026-01-13T22:37:10.87Z</time>
		</trkpt>
		<trkpt lat="40.501804" lon="-7.333990">
			<ele>0.00</ele>
			<time>2026-01-13T22:37:13.21Z</time>
		</trkpt>
		<trkpt lat="40.502422" lon="-7.334022">
			<ele>0.00</ele>
			<time>2026-01-13T22:37:17.33Z</time>
		</trkpt>
		<trkpt lat="40.502814" lon="-7.333880">
			<ele>0.00</ele>
			<time>2026-01-13T22:37:20.04Z</time>
		</trkpt>
		<trkpt lat="40.503143" lon="-7.333583">
			<ele>0.00</ele>
			<time>2026-01-13T22:37:22.70Z</time>
		</trkpt>
		<trkpt lat="40.503448" lon="-7.333211">
			<ele>0.00</ele>
			<time>2026-01-13T22:37:25.47Z</time>
		</trkpt>
		<trkpt lat="40.503789" lon="-7.333014">
			<ele>0.00</ele>
			<time>2026-01-13T22:37:27.96Z</time>
		</trkpt>
		<trkpt lat="40.503889" lon="-7.333221">
			<ele>0.00</ele>
			<time>2026-01-13T22:37:29.20Z</time>
		</trkpt>
		<trkpt lat="40.504016" lon="-7.333313">
			<ele>0.00</ele>
			<time>2026-01-13T22:37:30.16Z</time>
		</trkpt>
		<trkpt lat="40.504252" lon="-7.333551">
			<ele>0.00</ele>
			<time>2026-01-13T22:37:32.14Z</time>
		</trkpt>
		<trkpt lat="40.504428" lon="-7.333635">
			<ele>0.00</ele>
			<time>2026-01-13T22:37:33.39Z</time>
		</trkpt>
		<trkpt lat="40.504589" lon="-7.333791">
			<ele>0.00</ele>
			<time>2026-01-13T22:37:34.73Z</time>
		</trkpt>
		<trkpt lat="40.504705" lon="-7.333822">
			<ele>0.00</ele>
			<time>2026-01-13T22:37:35.52Z</time>
		</trkpt>
		<trkpt lat="40.504783" lon="-7.333791">
			<ele>0.00</ele>
			<time>2026-01-13T22:37:36.06Z</time>
		</trkpt>
		<trkpt lat="40.504858" lon="-7.333902">
			<ele>0.00</ele>
			<time>2026-01-13T22:37:36.81Z</time>
		</trkpt>
		<trkpt lat="40.504990" lon="-7.334019">
			<ele>0.00</ele>
			<time>2026-01-13T22:37:37.87Z</time>
		</trkpt>
		<trkpt lat="40.505140" lon="-7.334126">
			<ele>0.00</ele>
			<time>2026-01-13T22:37:39.01Z</time>
		</trkpt>
		<trkpt lat="40.505368" lon="-7.334127">
			<ele>0.00</ele>
			<time>2026-01-13T22:37:40.53Z</time>
		</trkpt>
		<trkpt lat="40.505593" lon="-7.334085">
			<ele>0.00</ele>
			<time>2026-01-13T22:37:42.04Z</time>
		</trkpt>
		<trkpt lat="40.505823" lon="-7.334049">
			<ele>0.00</ele>
			<time>2026-01-13T22:37:43.59Z</time>
		</trkpt>
		<trkpt lat="40.506185" lon="-7.333887">
			<ele>0.00</ele>
			<time>2026-01-13T22:37:46.14Z</time>
		</trkpt>
		<trkpt lat="40.506651" lon="-7.333538">
			<ele>0.00</ele>
			<time>2026-01-13T22:37:49.71Z</time>
		</trkpt>
		<trkpt lat="40.507119" lon="-7.333162">
			<ele>0.00</ele>
			<time>2026-01-13T22:37:53.37Z</time>
		</trkpt>
		<trkpt lat="40.507467" lon="-7.332991">
			<ele>0.00</ele>
			<time>2026-01-13T22:37:55.85Z</time>
		</trkpt>
		<trkpt lat="40.507859" lon="-7.332881">
			<ele>0.00</ele>
			<time>2026-01-13T22:37:58.51Z</time>
		</trkpt>
		<trkpt lat="40.508070" lon="-7.332664">
			<ele>0.00</ele>
			<time>2026-01-13T22:38:00.31Z</time>
		</trkpt>
		<trkpt lat="40.508182" lon="-7.332518">
			<ele>0.00</ele>
			<time>2026-01-13T22:38:01.35Z</time>
		</trkpt>
		<trkpt lat="40.508379" lon="-7.332444">
			<ele>0.00</ele>
			<time>2026-01-13T22:38:02.72Z</time>
		</trkpt>
		<trkpt lat="40.508502" lon="-7.332361">
			<ele>0.00</ele>
			<time>2026-01-13T22:38:03.64Z</time>
		</trkpt>
		<trkpt lat="40.508598" lon="-7.332267">
			<ele>0.00</ele>
			<time>2026-01-13T22:38:04.44Z</time>
		</trkpt>
		<trkpt lat="40.508906" lon="-7.331995">
			<ele>0.00</ele>
			<time>2026-01-13T22:38:06.91Z</time>
		</trkpt>
		<trkpt lat="40.509352" lon="-7.331660">
			<ele>0.00</ele>
			<time>2026-01-13T22:38:10.33Z</time>
		</trkpt>
		<trkpt lat="40.509824" lon="-7.331326">
			<ele>0.00</ele>
			<time>2026-01-13T22:38:13.91Z</time>
		</trkpt>
		<trkpt lat="40.510194" lon="-7.331115">
			<ele>0.00</ele>
			<time>2026-01-13T22:38:16.60Z</time>
		</trkpt>
		<trkpt lat="40.510392" lon="-7.331158">
			<ele>0.00</ele>
			<time>2026-01-13T22:38:17.94Z</time>
		</trkpt>
		<trkpt lat="40.510581" lon="-7.331290">
			<ele>0.00</ele>
			<time>2026-01-13T22:38:19.36Z</time>
		</trkpt>
		<trkpt lat="40.510720" lon="-7.331225">
			<ele>0.00</ele>
			<time>2026-01-13T22:38:20.35Z</time>
		</trkpt>
		<trkpt lat="40.511047" lon="-7.330709">
			<ele>0.00</ele>
			<time>2026-01-13T22:38:23.75Z</time>
		</trkpt>
		<trkpt lat="40.511240" lon="-7.330362">
			<ele>0.00</ele>
			<time>2026-01-13T22:38:25.93Z</time>
		</trkpt>
		<trkpt lat="40.511385" lon="-7.330038">
			<ele>0.00</ele>
			<time>2026-01-13T22:38:27.83Z</time>
		</trkpt>
		<trkpt lat="40.511527" lon="-7.329625">
			<ele>0.00</ele>
			<time>2026-01-13T22:38:30.13Z</time>
		</trkpt>
		<trkpt lat="40.511563" lon="-7.329235">
			<ele>0.00</ele>
			<time>2026-01-13T22:38:32.13Z</time>
		</trkpt>
		<trkpt lat="40.511557" lon="-7.328922">
			<ele>0.00</ele>
			<time>2026-01-13T22:38:33.71Z</time>
		</trkpt>
		<trkpt lat="40.511511" lon="-7.328535">
			<ele>0.00</ele>
			<time>2026-01-13T22:38:35.70Z</time>
		</trkpt>
		<trkpt lat="40.511510" lon="-7.328217">
			<ele>0.00</ele>
			<time>2026-01-13T22:38:37.31Z</time>
		</trkpt>
		<trkpt lat="40.511442" lon="-7.328001">
			<ele>0.00</ele>
			<time>2026-01-13T22:38:38.49Z</time>
		</trkpt>
		<trkpt lat="40.511436" lon="-7.327886">
			<ele>0.00</ele>
			<time>2026-01-13T22:38:39.08Z</time>
		</trkpt>
		<trkpt lat="40.511517" lon="-7.327896">
			<ele>0.00</ele>
			<time>2026-01-13T22:38:39.61Z</time>
		</trkpt>
		<trkpt lat="40.511687" lon="-7.328041">
			<ele>0.00</ele>
			<time>2026-01-13T22:38:40.96Z</time>
		</trkpt>
		<trkpt lat="40.511896" lon="-7.328217">
			<ele>0.00</ele>
			<time>2026-01-13T22:38:42.62Z</time>
		</trkpt>
		<trkpt lat="40.512066" lon="-7.328367">
			<ele>0.00</ele>
			<time>2026-01-13T22:38:43.99Z</time>
		</trkpt>
		<trkpt lat="40.512315" lon="-7.328206">
			<ele>0.00</ele>
			<time>2026-01-13T22:38:45.84Z</time>
		</trkpt>
		<trkpt lat="40.512617" lon="-7.328056">
			<ele>0.00</ele>
			<time>2026-01-13T22:38:47.99Z</time>
		</trkpt>
		<trkpt lat="40.513006" lon="-7.327762">
			<ele>0.00</ele>
			<time>2026-01-13T22:38:50.98Z</time>
		</trkpt>
		<trkpt lat="40.513030" lon="-7.327433">
			<ele>0.00</ele>
			<time>2026-01-13T22:38:52.66Z</time>
		</trkpt>
		<trkpt lat="40.513155" lon="-7.327075">
			<ele>0.00</ele>
			<time>2026-01-13T22:38:54.65Z</time>
		</trkpt>
		<trkpt lat="40.513363" lon="-7.326587">
			<ele>0.00</ele>
			<time>2026-01-13T22:38:57.49Z</time>
		</trkpt>
		<trkpt lat="40.513504" lon="-7.326303">
			<ele>0.00</ele>
			<time>2026-01-13T22:38:59.21Z</time>
		</trkpt>
		<trkpt lat="40.513688" lon="-7.326174">
			<ele>0.00</ele>
			<time>2026-01-13T22:39:00.59Z</time>
		</trkpt>
		<trkpt lat="40.513808" lon="-7.325927">
			<ele>0.00</ele>
			<time>2026-01-13T22:39:02.08Z</time>
		</trkpt>
		<trkpt lat="40.513763" lon="-7.325711">
			<ele>0.00</ele>
			<time>2026-01-13T22:39:03.22Z</time>
		</trkpt>
		<trkpt lat="40.513727" lon="-7.325604">
			<ele>0.00</ele>
			<time>2026-01-13T22:39:03.81Z</time>
		</trkpt>
		<trkpt lat="40.513726" lon="-7.325580">
			<ele>0.00</ele>
			<time>2026-01-13T22:39:03.93Z</time>
		</trkpt>
		<trkpt lat="40.513748" lon="-7.325373">
			<ele>0.00</ele>
			<time>2026-01-13T22:39:04.99Z</time>
		</trkpt>
		<trkpt lat="40.513746" lon="-7.325109">
			<ele>0.00</ele>
			<time>2026-01-13T22:39:06.33Z</time>
		</trkpt>
		<trkpt lat="40.513810" lon="-7.324938">
			<ele>0.00</ele>
			<time>2026-01-13T22:39:07.29Z</time>
		</trkpt>
		<trkpt lat="40.513888" lon="-7.324762">
			<ele>0.00</ele>
			<time>2026-01-13T22:39:08.32Z</time>
		</trkpt>
		<trkpt lat="40.513997" lon="-7.324471">
			<ele>0.00</ele>
			<time>2026-01-13T22:39:09.97Z</time>
		</trkpt>
		<trkpt lat="40.514093" lon="-7.324087">
			<ele>0.00</ele>
			<time>2026-01-13T22:39:12.02Z</time>
		</trkpt>
		<trkpt lat="40.514151" lon="-7.323815">
			<ele>0.00</ele>
			<time>2026-01-13T22:39:13.45Z</time>
		</trkpt>
		<trkpt lat="40.514273" lon="-7.323549">
			<ele>0.00</ele>
			<time>2026-01-13T22:39:15.02Z</time>
		</trkpt>
		<trkpt lat="40.514552" lon="-7.323324">
			<ele>0.00</ele>
			<time>2026-01-13T22:39:17.21Z</time>
		</trkpt>
		<trkpt lat="40.514782" lon="-7.323163">
			<ele>0.00</ele>
			<time>2026-01-13T22:39:18.94Z</time>
		</trkpt>
		<trkpt lat="40.514840" lon="-7.322835">
			<ele>0.00</ele>
			<time>2026-01-13T22:39:20.65Z</time>
		</trkpt>
		<trkpt lat="40.515017" lon="-7.322652">
			<ele>0.00</ele>
			<time>2026-01-13T22:39:22.15Z</time>
		</trkpt>
		<trkpt lat="40.515243" lon="-7.322505">
			<ele>0.00</ele>
			<time>2026-01-13T22:39:23.84Z</time>
		</trkpt>
		<trkpt lat="40.515513" lon="-7.322357">
			<ele>0.00</ele>
			<time>2026-01-13T22:39:25.78Z</time>
		</trkpt>
		<trkpt lat="40.515579" lon="-7.322108">
			<ele>0.00</ele>
			<time>2026-01-13T22:39:27.12Z</time>
		</trkpt>
		<trkpt lat="40.515592" lon="-7.321947">
			<ele>0.00</ele>
			<time>2026-01-13T22:39:27.94Z</time>
		</trkpt>
		<trkpt lat="40.515686" lon="-7.321750">
			<ele>0.00</ele>
			<time>2026-01-13T22:39:29.12Z</time>
		</trkpt>
		<trkpt lat="40.515857" lon="-7.321469">
			<ele>0.00</ele>
			<time>2026-01-13T22:39:30.94Z</time>
		</trkpt>
		<trkpt lat="40.515992" lon="-7.321118">
			<ele>0.00</ele>
			<time>2026-01-13T22:39:32.94Z</time>
		</trkpt>
		<trkpt lat="40.516029" lon="-7.320847">
			<ele>0.00</ele>
			<time>2026-01-13T22:39:34.33Z</time>
		</trkpt>
		<trkpt lat="40.516057" lon="-7.320574">
			<ele>0.00</ele>
			<time>2026-01-13T22:39:35.73Z</time>
		</trkpt>
		<trkpt lat="40.516346" lon="-7.320225">
			<ele>0.00</ele>
			<time>2026-01-13T22:39:38.34Z</time>
		</trkpt>
		<trkpt lat="40.516626" lon="-7.320011">
			<ele>0.00</ele>
			<time>2026-01-13T22:39:40.50Z</time>
		</trkpt>
		<trkpt lat="40.516903" lon="-7.319804">
			<ele>0.00</ele>
			<time>2026-01-13T22:39:42.63Z</time>
		</trkpt>
		<trkpt lat="40.517172" lon="-7.319539">
			<ele>0.00</ele>
			<time>2026-01-13T22:39:44.87Z</time>
		</trkpt>
		<trkpt lat="40.517418" lon="-7.319259">
			<ele>0.00</ele>
			<time>2026-01-13T22:39:47.03Z</time>
		</trkpt>
		<trkpt lat="40.517645" lon="-7.319001">
			<ele>0.00</ele>
			<time>2026-01-13T22:39:49.03Z</time>
		</trkpt>
		<trkpt lat="40.517987" lon="-7.318625">
			<ele>0.00</ele>
			<time>2026-01-13T22:39:52.01Z</time>
		</trkpt>
		<trkpt lat="40.518366" lon="-7.318269">
			<ele>0.00</ele>
			<time>2026-01-13T22:39:55.11Z</time>
		</trkpt>
		<trkpt lat="40.518775" lon="-7.317915">
			<ele>0.00</ele>
			<time>2026-01-13T22:39:58.38Z</time>
		</trkpt>
		<trkpt lat="40.519054" lon="-7.317655">
			<ele>0.00</ele>
			<time>2026-01-13T22:40:00.66Z</time>
		</trkpt>
		<trkpt lat="40.519186" lon="-7.317692">
			<ele>0.00</ele>
			<time>2026-01-13T22:40:01.56Z</time>
		</trkpt>
		<trkpt lat="40.519464" lon="-7.317773">
			<ele>0.00</ele>
			<time>2026-01-13T22:40:03.45Z</time>
		</trkpt>
		<trkpt lat="40.519757" lon="-7.317885">
			<ele>0.00</ele>
			<time>2026-01-13T22:40:05.49Z</time>
		</trkpt>
		<trkpt lat="40.520020" lon="-7.317967">
			<ele>0.00</ele>
			<time>2026-01-13T22:40:07.29Z</time>
		</trkpt>
		<trkpt lat="40.520469" lon="-7.317692">
			<ele>0.00</ele>
			<time>2026-01-13T22:40:10.59Z</time>
		</trkpt>
		<trkpt lat="40.520808" lon="-7.317481">
			<ele>0.00</ele>
			<time>2026-01-13T22:40:13.09Z</time>
		</trkpt>
		<trkpt lat="40.521115" lon="-7.317289">
			<ele>0.00</ele>
			<time>2026-01-13T22:40:15.36Z</time>
		</trkpt>
		<trkpt lat="40.521402" lon="-7.316835">
			<ele>0.00</ele>
			<time>2026-01-13T22:40:18.35Z</time>
		</trkpt>
		<trkpt lat="40.521591" lon="-7.316551">
			<ele>0.00</ele>
			<time>2026-01-13T22:40:20.26Z</time>
		</trkpt>
		<trkpt lat="40.521927" lon="-7.316169">
			<ele>0.00</ele>
			<time>2026-01-13T22:40:23.22Z</time>
		</trkpt>
		<trkpt lat="40.522059" lon="-7.316041">
			<ele>0.00</ele>
			<time>2026-01-13T22:40:24.32Z</time>
		</trkpt>
		<trkpt lat="40.522194" lon="-7.316161">
			<ele>0.00</ele>
			<time>2026-01-13T22:40:25.40Z</time>
		</trkpt>
		<trkpt lat="40.522341" lon="-7.316335">
			<ele>0.00</ele>
			<time>2026-01-13T22:40:26.72Z</time>
		</trkpt>
		<trkpt lat="40.522437" lon="-7.316182">
			<ele>0.00</ele>
			<time>2026-01-13T22:40:27.72Z</time>
		</trkpt>
		<trkpt lat="40.522631" lon="-7.315933">
			<ele>0.00</ele>
			<time>2026-01-13T22:40:29.53Z</time>
		</trkpt>
		<trkpt lat="40.522802" lon="-7.315730">
			<ele>0.00</ele>
			<time>2026-01-13T22:40:31.06Z</time>
		</trkpt>
		<trkpt lat="40.522934" lon="-7.315597">
			<ele>0.00</ele>
			<time>2026-01-13T22:40:32.17Z</time>
		</trkpt>
		<trkpt lat="40.523229" lon="-7.315298">
			<ele>0.00</ele>
			<time>2026-01-13T22:40:34.66Z</time>
		</trkpt>
		<trkpt lat="40.523483" lon="-7.315084">
			<ele>0.00</ele>
			<time>2026-01-13T22:40:36.66Z</time>
		</trkpt>
		<trkpt lat="40.523774" lon="-7.314854">
			<ele>0.00</ele>
			<time>2026-01-13T22:40:38.93Z</time>
		</trkpt>
		<trkpt lat="40.524067" lon="-7.314533">
			<ele>0.00</ele>
			<time>2026-01-13T22:40:41.47Z</time>
		</trkpt>
		<trkpt lat="40.524278" lon="-7.314267">
			<ele>0.00</ele>
			<time>2026-01-13T22:40:43.42Z</time>
		</trkpt>
		<trkpt lat="40.524539" lon="-7.313949">
			<ele>0.00</ele>
			<time>2026-01-13T22:40:45.79Z</time>
		</trkpt>
		<trkpt lat="40.524690" lon="-7.313750">
			<ele>0.00</ele>
			<time>2026-01-13T22:40:47.22Z</time>
		</trkpt>
		<trkpt lat="40.524680" lon="-7.313763">
			<ele>0.00</ele>
			<time>2026-01-13T22:40:47.31Z</time>
		</trkpt>
		<trkpt lat="40.524992" lon="-7.313399">
			<ele>0.00</ele>
			<time>2026-01-13T22:40:50.09Z</time>
		</trkpt>
		<trkpt lat="40.525306" lon="-7.312940">
			<ele>0.00</ele>
			<time>2026-01-13T22:40:53.22Z</time>
		</trkpt>
		<trkpt lat="40.525676" lon="-7.312569">
			<ele>0.00</ele>
			<time>2026-01-13T22:40:56.32Z</time>
		</trkpt>
		<trkpt lat="40.525929" lon="-7.312304">
			<ele>0.00</ele>
			<time>2026-01-13T22:40:58.48Z</time>
		</trkpt>
		<trkpt lat="40.526386" lon="-7.311956">
			<ele>0.00</ele>
			<time>2026-01-13T22:41:02Z</time>
		</trkpt>
		<trkpt lat="40.526811" lon="-7.311661">
			<ele>0.00</ele>
			<time>2026-01-13T22:41:05.20Z</time>
		</trkpt>
		<trkpt lat="40.527172" lon="-7.311574">
			<ele>0.00</ele>
			<time>2026-01-13T22:41:07.65Z</time>
		</trkpt>
		<trkpt lat="40.527509" lon="-7.311408">
			<ele>0.00</ele>
			<time>2026-01-13T22:41:10.05Z</time>
		</trkpt>
		<trkpt lat="40.527704" lon="-7.311295">
			<ele>0.00</ele>
			<time>2026-01-13T22:41:11.47Z</time>
		</trkpt>
		<trkpt lat="40.527797" lon="-7.311186">
			<ele>0.00</ele>
			<time>2026-01-13T22:41:12.30Z</time>
		</trkpt>
		<trkpt lat="40.527846" lon="-7.310844">
			<ele>0.00</ele>
			<time>2026-01-13T22:41:14.06Z</time>
		</trkpt>
		<trkpt lat="40.527982" lon="-7.310424">
			<ele>0.00</ele>
			<time>2026-01-13T22:41:16.38Z</time>
		</trkpt>
		<trkpt lat="40.528252" lon="-7.309998">
			<ele>0.00</ele>
			<time>2026-01-13T22:41:19.19Z</time>
		</trkpt>
		<trkpt lat="40.528575" lon="-7.309598">
			<ele>0.00</ele>
			<time>2026-01-13T22:41:22.14Z</time>
		</trkpt>
		<trkpt lat="40.528952" lon="-7.309507">
			<ele>0.00</ele>
			<time>2026-01-13T22:41:24.70Z</time>
		</trkpt>
		<trkpt lat="40.529412" lon="-7.309365">
			<ele>0.00</ele>
			<time>2026-01-13T22:41:27.85Z</time>
		</trkpt>
		<trkpt lat="40.529689" lon="-7.309043">
			<ele>0.00</ele>
			<time>2026-01-13T22:41:30.31Z</time>
		</trkpt>
		<trkpt lat="40.529891" lon="-7.308996">
			<ele>0.00</ele>
			<time>2026-01-13T22:41:31.69Z</time>
		</trkpt>
		<trkpt lat="40.530256" lon="-7.308878">
			<ele>0.00</ele>
			<time>2026-01-13T22:41:34.19Z</time>
		</trkpt>
		<trkpt lat="40.530848" lon="-7.308220">
			<ele>0.00</ele>
			<time>2026-01-13T22:41:39.35Z</time>
		</trkpt>
		<trkpt lat="40.531297" lon="-7.307592">
			<ele>0.00</ele>
			<time>2026-01-13T22:41:43.72Z</time>
		</trkpt>
		<trkpt lat="40.531654" lon="-7.307086">
			<ele>0.00</ele>
			<time>2026-01-13T22:41:47.22Z</time>
		</trkpt>
		<trkpt lat="40.531952" lon="-7.306524">
			<ele>0.00</ele>
			<time>2026-01-13T22:41:50.69Z</time>
		</trkpt>
		<trkpt lat="40.532153" lon="-7.306025">
			<ele>0.00</ele>
			<time>2026-01-13T22:41:53.56Z</time>
		</trkpt>
		<trkpt lat="40.532397" lon="-7.304977">
			<ele>0.00</ele>
			<time>2026-01-13T22:41:59.11Z</time>
		</trkpt>
		<trkpt lat="40.532491" lon="-7.303948">
			<ele>0.00</ele>
			<time>2026-01-13T22:42:04.36Z</time>
		</trkpt>
		<trkpt lat="40.532603" lon="-7.303303">
			<ele>0.00</ele>
			<time>2026-01-13T22:42:07.71Z</time>
		</trkpt>
		<trkpt lat="40.532796" lon="-7.302549">
			<ele>0.00</ele>
			<time>2026-01-13T22:42:11.74Z</time>
		</trkpt>
		<trkpt lat="40.533235" lon="-7.301784">
			<ele>0.00</ele>
			<time>2026-01-13T22:42:16.60Z</time>
		</trkpt>
		<trkpt lat="40.533746" lon="-7.301335">
			<ele>0.00</ele>
			<time>2026-01-13T22:42:20.70Z</time>
		</trkpt>
		<trkpt lat="40.534095" lon="-7.300888">
			<ele>0.00</ele>
			<time>2026-01-13T22:42:23.95Z</time>
		</trkpt>
		<trkpt lat="40.534400" lon="-7.300629">
			<ele>0.00</ele>
			<time>2026-01-13T22:42:26.36Z</time>
		</trkpt>
		<trkpt lat="40.534665" lon="-7.300380">
			<ele>0.00</ele>
			<time>2026-01-13T22:42:28.53Z</time>
		</trkpt>
		<trkpt lat="40.535004" lon="-7.299809">
			<ele>0.00</ele>
			<time>2026-01-13T22:42:32.21Z</time>
		</trkpt>
		<trkpt lat="40.535126" lon="-7.299158">
			<ele>0.00</ele>
			<time>2026-01-13T22:42:35.60Z</time>
		</trkpt>
		<trkpt lat="40.535236" lon="-7.298651">
			<ele>0.00</ele>
			<time>2026-01-13T22:42:38.28Z</time>
		</trkpt>
		<trkpt lat="40.535375" lon="-7.298131">
			<ele>0.00</ele>
			<time>2026-01-13T22:42:41.07Z</time>
		</trkpt>
		<trkpt lat="40.535431" lon="-7.297921">
			<ele>0.00</ele>
			<time>2026-01-13T22:42:42.20Z</time>
		</trkpt>
		<trkpt lat="40.535570" lon="-7.297661">
			<ele>0.00</ele>
			<time>2026-01-13T22:42:43.80Z</time>
		</trkpt>
		<trkpt lat="40.535737" lon="-7.297523">
			<ele>0.00</ele>
			<time>2026-01-13T22:42:45.12Z</time>
		</trkpt>
		<trkpt lat="40.535952" lon="-7.297425">
			<ele>0.00</ele>
			<time>2026-01-13T22:42:46.64Z</time>
		</trkpt>
		<trkpt lat="40.536271" lon="-7.297334">
			<ele>0.00</ele>
			<time>2026-01-13T22:42:48.81Z</time>
		</trkpt>
		<trkpt lat="40.536642" lon="-7.297170">
			<ele>0.00</ele>
			<time>2026-01-13T22:42:51.42Z</time>
		</trkpt>
		<trkpt lat="40.536848" lon="-7.297094">
			<ele>0.00</ele>
			<time>2026-01-13T22:42:52.85Z</time>
		</trkpt>
		<trkpt lat="40.537070" lon="-7.296864">
			<ele>0.00</ele>
			<time>2026-01-13T22:42:54.73Z</time>
		</trkpt>
		<trkpt lat="40.537132" lon="-7.296584">
			<ele>0.00</ele>
			<time>2026-01-13T22:42:56.21Z</time>
		</trkpt>
		<trkpt lat="40.537152" lon="-7.296179">
			<ele>0.00</ele>
			<time>2026-01-13T22:42:58.27Z</time>
		</trkpt>
		<trkpt lat="40.537336" lon="-7.296057">
			<ele>0.00</ele>
			<time>2026-01-13T22:42:59.64Z</time>
		</trkpt>
		<trkpt lat="40.537567" lon="-7.295932">
			<ele>0.00</ele>
			<time>2026-01-13T22:43:01.31Z</time>
		</trkpt>
		<trkpt lat="40.537872" lon="-7.295784">
			<ele>0.00</ele>
			<time>2026-01-13T22:43:03.47Z</time>
		</trkpt>
		<trkpt lat="40.538073" lon="-7.295770">
			<ele>0.00</ele>
			<time>2026-01-13T22:43:04.81Z</time>
		</trkpt>
		<trkpt lat="40.538136" lon="-7.295548">
			<ele>0.00</ele>
			<time>2026-01-13T22:43:06.02Z</time>
		</trkpt>
		<trkpt lat="40.538199" lon="-7.295370">
			<ele>0.00</ele>
			<time>2026-01-13T22:43:07.01Z</time>
		</trkpt>
		<trkpt lat="40.538229" lon="-7.295124">
			<ele>0.00</ele>
			<time>2026-01-13T22:43:08.27Z</time>
		</trkpt>
		<trkpt lat="40.538252" lon="-7.294832">
			<ele>0.00</ele>
			<time>2026-01-13T22:43:09.76Z</time>
		</trkpt>
		<trkpt lat="40.538295" lon="-7.294606">
			<ele>0.00</ele>
			<time>2026-01-13T22:43:10.94Z</time>
		</trkpt>
		<trkpt lat="40.538366" lon="-7.294565">
			<ele>0.00</ele>
			<time>2026-01-13T22:43:11.46Z</time>
		</trkpt>
		<trkpt lat="40.538401" lon="-7.294443">
			<ele>0.00</ele>
			<time>2026-01-13T22:43:12.12Z</time>
		</trkpt>
		<trkpt lat="40.538472" lon="-7.294273">
			<ele>0.00</ele>
			<time>2026-01-13T22:43:13.11Z</time>
		</trkpt>
		<trkpt lat="40.538586" lon="-7.294276">
			<ele>0.00</ele>
			<time>2026-01-13T22:43:13.87Z</time>
		</trkpt>
		<trkpt lat="40.538723" lon="-7.294352">
			<ele>0.00</ele>
			<time>2026-01-13T22:43:14.86Z</time>
		</trkpt>
		<trkpt lat="40.538818" lon="-7.294503">
			<ele>0.00</ele>
			<time>2026-01-13T22:43:15.85Z</time>
		</trkpt>
		<trkpt lat="40.538866" lon="-7.294747">
			<ele>0.00</ele>
			<time>2026-01-13T22:43:17.13Z</time>
		</trkpt>
		<trkpt lat="40.539034" lon="-7.295049">
			<ele>0.00</ele>
			<time>2026-01-13T22:43:19.02Z</time>
		</trkpt>
		<trkpt lat="40.539038" lon="-7.295065">
			<ele>0.00</ele>
			<time>2026-01-13T22:43:19.11Z</time>
		</trkpt>
		<trkpt lat="40.539338" lon="-7.295493">
			<ele>0.00</ele>
			<time>2026-01-13T22:43:22.06Z</time>
		</trkpt>
		<trkpt lat="40.539687" lon="-7.295775">
			<ele>0.00</ele>
			<time>2026-01-13T22:43:24.79Z</time>
		</trkpt>
		<trkpt lat="40.539832" lon="-7.295995">
			<ele>0.00</ele>
			<time>2026-01-13T22:43:26.27Z</time>
		</trkpt>
		<trkpt lat="40.540021" lon="-7.296152">
			<ele>0.00</ele>
			<time>2026-01-13T22:43:27.76Z</time>
		</trkpt>
		<trkpt lat="40.540190" lon="-7.296182">
			<ele>0.00</ele>
			<time>2026-01-13T22:43:28.89Z</time>
		</trkpt>
		<trkpt lat="40.540350" lon="-7.296420">
			<ele>0.00</ele>
			<time>2026-01-13T22:43:30.12Z</time>
		</trkpt>
		<trkpt lat="40.540361" lon="-7.296477">
			<ele>0.00</ele>
			<time>2026-01-13T22:43:31.08Z</time>
		</trkpt>
		<trkpt lat="40.540405" lon="-7.296531">
			<ele>0.00</ele>
			<time>2026-01-13T22:43:32.01Z</time>
		</trkpt>
		<trkpt lat="40.540523" lon="-7.296378">
			<ele>0.00</ele>
			<time>2026-01-13T22:43:32.82Z</time>
		</trkpt>
		<extensions>
			<gte:name>#1</gte:name>
			<gte:color>#fbaf00</gte:color>
		</extensions>
	</trkseg>
</trk>
</gpx>